Country,Data source,Sector,Gas,Unit,2018,2017,2016,2015,2014,2013,2012,2011,2010,2009,2008,2007,2006,2005,2004,2003,2002,2001,2000,1999,1998,1997,1996,1995,1994,1993,1992,1991,1990
World,CAIT,Total including LUCF,All GHG,MtCO₂e,48939.71,47990.47,47413.95,46760.47,46647.29,46047.13,45427.61,44891.4,44758.58,43029.01,43003.97,42644.63,41831.65,40300.03,39437.14,37618.01,36727.84,35701.77,35607.73,34948.94,34929.19,35387.89,34068.91,33703.46,32977.47,32766.49,32670.32,32813.46,32645.91
China,CAIT,Total including LUCF,All GHG,MtCO₂e,11705.81,11408.26,11207.66,11149.68,11155.76,11144.76,10690.04,10364.83,9872.37,9046.19,8455.65,8165.43,7547.54,6862.81,6135.95,5386.89,4769.03,4459.91,4249.7,4053.37,4103.23,3963.61,3954.75,3918.3,3528.81,3377.79,3154.54,3023.38,2873.71
United States,CAIT,Total including LUCF,All GHG,MtCO₂e,5794.35,5613.64,5676.92,5586.69,5711.15,5690.79,5550.87,5796.78,6041.59,5793.66,6220.21,6397.67,6306.81,6401.12,6387.22,6306.12,6246.95,6406.04,6446.2,6291.25,6293.8,6258.47,6010.62,5843.9,5782.2,5691.26,5583.8,5501.92,5543.47
India,CAIT,Total including LUCF,All GHG,MtCO₂e,3346.63,3202.82,3073.24,3002.17,2988.34,2816.49,2758.53,2610.32,2576.93,2467.78,2317.48,2219.62,2073.67,1977.76,1905.13,1817.42,1769.79,1747.49,1498.2,1460.24,1382.26,1348.09,1289.63,1240.44,1174.78,1128.44,1096.71,1064.49,1009.44
European Union (27),CAIT,Total including LUCF,All GHG,MtCO₂e,3333.16,3401.95,3387.97,3046.38,2990.49,3136.34,3213.21,3274.4,3646.5,3566.88,3841.03,3932.66,3968.63,3973.71,4005.19,4008.81,3921.02,3940.21,3933.88,3934.85,4008.29,4048.58,4126.4,4018.79,3968.32,3984.95,4058.11,4202.13,4279.18
Russia,CAIT,Total including LUCF,All GHG,MtCO₂e,1992.08,1939.26,1918.26,1791.21,1841.26,1844.48,1886.41,1864.86,1690.93,1575.54,1727.25,1690.16,1682.12,1608.1,1601.63,1556.63,1477.17,1455.44,1831.09,1772.68,1740.23,1755.59,1889.18,1930.88,2011.47,2294.62,2551.94,2788.7,2885.12
Indonesia,CAIT,Total including LUCF,All GHG,MtCO₂e,1703.86,1466.05,1453.23,2070.24,2016.28,1636.17,1695.27,1675.72,1125.25,1483.61,1087.94,1100.24,1655.23,1242.7,1517.02,1167.69,1500.98,1019.35,1191.82,1261.56,1373.56,2142.82,1179.0,1360.88,1327.87,1311.27,1295.01,1274.43,1257.1
Brazil,CAIT,Total including LUCF,All GHG,MtCO₂e,1420.58,1461.43,1443.98,1354.28,1372.79,1335.02,1311.58,1270.59,2104.61,2008.85,2030.84,2029.48,1994.55,2004.36,1995.86,1948.37,1935.36,1901.78,1807.03,1810.51,1800.62,1766.32,1735.71,1726.08,1706.03,1689.7,1679.5,1669.56,1642.29
Japan,CAIT,Total including LUCF,All GHG,MtCO₂e,1154.72,1203.32,1225.67,1215.33,1251.32,1289.0,1277.48,1235.29,1130.13,1073.57,1133.32,1200.21,1164.29,1186.26,1185.28,1193.4,1185.65,1153.99,1198.54,1182.31,1156.66,1203.81,1215.95,1201.85,1186.79,1129.63,1137.15,1123.86,1109.37
Iran,CAIT,Total including LUCF,All GHG,MtCO₂e,828.34,814.79,796.03,786.5,794.19,781.95,761.05,750.7,699.33,693.31,669.06,655.51,617.12,569.0,530.16,493.23,463.93,439.25,446.36,427.53,389.67,381.58,364.14,349.89,332.67,300.14,301.84,280.88,240.54
Germany,CAIT,Total including LUCF,All GHG,MtCO₂e,776.61,803.18,820.7,818.22,814.43,854.7,837.46,823.34,862.97,832.31,889.47,886.8,915.88,909.39,933.79,953.66,954.76,973.21,924.72,934.16,968.6,994.92,1032.92,1004.79,1011.41,1024.31,1032.01,1079.69,1109.28
Canada,CAIT,Total including LUCF,All GHG,MtCO₂e,763.44,745.74,731.11,844.67,848.12,841.21,830.07,825.24,975.84,962.46,999.57,1023.93,992.64,1006.64,995.19,1000.48,981.04,962.37,739.69,723.75,726.1,709.57,696.88,672.53,656.82,636.25,638.22,622.29,626.36
Mexico,CAIT,Total including LUCF,All GHG,MtCO₂e,695.26,694.58,698.62,684.99,659.98,668.85,674.16,680.75,584.23,580.11,595.78,565.29,543.9,521.72,497.06,492.69,469.03,463.07,559.46,533.02,554.43,518.59,490.56,464.6,483.6,458.0,438.32,435.45,417.45
Democratic Republic of the Congo,CAIT,Total including LUCF,All GHG,MtCO₂e,681.67,686.17,685.22,685.35,682.66,682.12,677.83,678.57,444.19,441.53,441.49,437.15,443.97,441.4,441.04,437.71,431.03,418.8,427.38,430.8,438.56,436.63,430.38,434.85,434.86,434.53,434.16,433.76,434.87
South Korea,CAIT,Total including LUCF,All GHG,MtCO₂e,673.08,664.54,651.13,635.34,613.81,624.54,624.83,620.34,586.31,533.49,519.83,505.75,496.96,488.66,493.24,469.14,461.26,468.43,469.38,411.82,373.96,438.77,412.92,384.99,352.61,325.01,294.15,269.59,244.25
Saudi Arabia,CAIT,Total including LUCF,All GHG,MtCO₂e,638.12,656.08,664.17,660.37,629.39,585.81,568.1,534.21,514.56,470.78,450.11,412.59,389.51,366.49,349.93,331.54,318.25,297.91,291.54,278.67,271.9,253.57,269.71,255.07,250.09,235.98,227.52,212.83,190.64
Australia,CAIT,Total including LUCF,All GHG,MtCO₂e,619.26,623.08,577.32,566.47,566.21,555.26,643.12,644.74,601.14,633.8,617.09,646.46,646.91,598.44,635.5,583.65,660.75,665.72,661.97,643.6,608.08,582.28,571.01,571.19,563.06,559.98,560.3,558.13,558.21
South Africa,CAIT,Total including LUCF,All GHG,MtCO₂e,520.5,521.36,508.24,507.48,531.53,519.44,509.55,490.65,506.27,483.46,504.1,472.37,452.0,449.65,449.33,421.83,400.28,384.62,351.05,347.85,368.91,361.36,347.87,337.33,326.81,320.86,312.42,315.46,319.52
Turkey,CAIT,Total including LUCF,All GHG,MtCO₂e,473.87,474.03,432.17,374.18,367.45,342.57,351.35,337.24,331.37,321.6,318.18,319.59,289.65,260.27,247.73,241.45,229.56,219.28,267.48,243.49,243.59,242.39,233.26,215.5,200.92,205.73,199.22,191.74,189.27
United Kingdom,CAIT,Total including LUCF,All GHG,MtCO₂e,441.13,450.24,464.28,486.78,502.84,543.71,562.45,540.98,583.6,570.73,625.56,645.52,661.01,663.91,669.83,674.47,666.82,684.64,673.87,671.25,697.42,701.07,722.68,702.55,711.75,722.61,739.51,761.64,746.4
Pakistan,CAIT,Total including LUCF,All GHG,MtCO₂e,438.22,421.6,396.4,371.24,356.49,342.88,332.43,328.63,321.54,327.27,316.9,313.94,297.16,277.77,269.49,252.54,244.71,238.3,236.06,233.94,221.37,217.56,210.65,203.61,193.14,186.47,176.65,167.45,166.5
Thailand,CAIT,Total including LUCF,All GHG,MtCO₂e,431.22,428.94,410.92,395.67,393.87,397.19,386.03,363.65,329.44,309.61,310.02,306.56,291.25,287.81,281.87,259.15,245.95,233.7,268.47,267.19,257.4,275.67,268.47,247.92,228.84,214.03,197.92,186.02,174.02
Argentina,CAIT,Total including LUCF,All GHG,MtCO₂e,395.5,397.7,396.27,428.37,421.76,424.7,414.84,410.64,429.81,424.07,442.98,438.82,425.42,410.92,406.44,391.04,369.3,372.45,331.14,332.24,326.15,322.34,319.81,305.93,305.35,300.27,297.76,293.36,288.37
Malaysia,CAIT,Total including LUCF,All GHG,MtCO₂e,388.11,365.0,378.56,191.89,205.53,174.34,155.92,155.6,379.15,366.72,368.36,357.03,332.3,336.4,322.76,298.2,288.9,270.24,278.87,267.24,288.83,257.86,247.37,239.11,231.7,224.79,221.4,214.67,207.11
Italy,CAIT,Total including LUCF,All GHG,MtCO₂e,386.78,393.01,398.64,381.49,370.58,390.27,422.08,439.93,450.75,442.26,491.14,506.06,512.76,525.16,523.88,512.77,494.23,485.95,488.0,483.07,475.84,464.54,460.76,464.51,439.52,444.81,451.12,454.34,456.75
Vietnam,CAIT,Total including LUCF,All GHG,MtCO₂e,364.43,328.33,330.21,305.32,261.78,248.78,236.38,235.82,277.74,259.62,237.99,227.29,213.22,207.64,198.37,180.26,174.91,157.92,63.11,55.08,51.84,40.65,32.87,25.03,18.85,13.23,6.54,4.03,1.17
France,CAIT,Total including LUCF,All GHG,MtCO₂e,361.37,370.47,368.04,369.04,363.05,396.16,395.28,392.42,404.32,400.59,418.88,425.14,432.32,442.64,441.98,444.36,439.49,447.09,483.67,486.59,497.02,480.98,490.93,472.18,463.44,469.18,487.97,502.72,477.92
Nigeria,CAIT,Total including LUCF,All GHG,MtCO₂e,357.52,337.4,330.64,323.23,327.77,318.11,303.64,299.26,281.15,258.87,277.1,274.16,276.1,281.19,264.22,260.59,252.94,248.44,247.07,249.74,258.68,266.82,276.14,265.37,270.78,272.12,272.23,260.06,249.87
Poland,CAIT,Total including LUCF,All GHG,MtCO₂e,356.74,357.17,344.31,339.15,335.26,348.35,353.7,360.67,320.3,302.33,318.18,324.46,324.47,310.64,309.02,304.75,292.88,300.69,358.79,372.24,382.95,412.81,423.05,408.44,408.95,413.64,414.15,424.94,429.16
Egypt,CAIT,Total including LUCF,All GHG,MtCO₂e,329.4,320.55,315.96,307.26,298.19,292.15,294.89,284.1,276.27,274.79,268.73,259.61,244.52,233.9,215.91,202.7,198.41,193.53,180.91,179.61,170.77,163.95,154.53,147.11,138.13,142.45,140.18,135.07,129.43
Spain,CAIT,Total including LUCF,All GHG,MtCO₂e,313.06,318.35,301.97,317.67,307.09,308.62,334.71,340.98,330.31,345.5,382.32,415.54,399.28,405.41,390.66,374.51,365.39,348.65,327.4,309.99,285.23,275.71,254.16,260.7,246.79,233.85,248.65,238.82,232.63
Venezuela,CAIT,Total including LUCF,All GHG,MtCO₂e,277.26,286.63,301.07,379.78,394.2,392.76,387.66,368.02,348.48,345.38,344.66,332.82,328.29,335.9,321.04,318.62,325.0,318.43,374.82,365.07,370.61,370.45,363.45,349.03,340.51,337.76,331.42,327.42,325.64
Kazakhstan,CAIT,Total including LUCF,All GHG,MtCO₂e,271.23,280.59,271.53,249.48,248.23,297.58,284.28,284.28,275.78,249.71,280.62,234.21,226.14,204.78,192.35,175.32,164.14,147.08,147.35,148.12,164.26,164.97,192.78,220.83,252.51,277.48,319.1,318.28,308.25
Colombia,CAIT,Total including LUCF,All GHG,MtCO₂e,267.95,260.61,264.21,233.78,232.02,228.65,221.94,223.5,244.95,240.51,236.44,235.52,229.66,228.35,226.33,223.94,221.71,222.71,233.07,228.71,239.0,237.26,232.23,231.69,228.62,226.53,222.51,218.85,217.08
United Arab Emirates,CAIT,Total including LUCF,All GHG,MtCO₂e,263.24,269.82,259.65,252.85,240.02,237.63,226.57,214.63,208.58,202.08,199.89,174.27,162.95,156.7,148.02,139.31,131.6,127.37,113.34,112.69,108.39,103.86,96.09,90.78,84.37,77.76,74.82,76.25,69.71
Ukraine,CAIT,Total including LUCF,All GHG,MtCO₂e,262.43,251.96,277.97,265.08,317.98,353.9,364.85,376.94,345.37,327.37,387.22,401.26,393.04,387.71,406.48,441.53,411.04,408.37,385.01,403.27,406.96,434.81,459.23,521.01,551.55,646.85,735.92,828.09,873.7
Philippines,CAIT,Total including LUCF,All GHG,MtCO₂e,234.82,228.35,212.04,199.22,190.12,182.28,170.9,165.75,163.75,157.97,155.97,152.77,147.22,154.2,152.88,149.12,145.99,144.28,144.82,142.9,137.3,143.44,134.83,125.88,113.69,105.92,100.41,98.27,98.21
Uzbekistan,CAIT,Total including LUCF,All GHG,MtCO₂e,232.14,231.55,227.54,219.73,222.96,229.83,227.25,239.23,226.78,221.36,247.58,238.1,240.12,217.26,220.2,217.72,222.74,218.92,225.43,205.67,198.82,187.84,193.36,190.94,199.69,222.25,190.34,200.66,197.93
Myanmar,CAIT,Total including LUCF,All GHG,MtCO₂e,231.62,229.98,221.28,227.79,221.49,213.95,211.26,202.7,232.44,227.49,217.36,230.26,221.14,216.56,225.17,212.14,200.33,201.58,222.18,225.41,219.89,213.58,215.9,218.2,215.09,212.57,209.89,207.34,207.89
Bangladesh,CAIT,Total including LUCF,All GHG,MtCO₂e,220.75,214.18,205.26,204.52,195.62,190.85,187.33,183.76,178.5,171.06,167.36,159.06,156.42,150.91,146.24,144.67,143.03,139.71,134.54,132.37,128.46,128.66,126.39,125.86,120.8,118.35,117.14,115.24,115.06
Algeria,CAIT,Total including LUCF,All GHG,MtCO₂e,219.11,212.33,210.03,211.46,203.53,193.39,189.38,179.41,171.63,170.49,160.67,157.43,150.18,144.67,139.19,135.37,129.57,122.31,127.36,120.4,114.42,109.08,104.99,103.66,99.45,101.7,94.16,94.54,95.67
Iraq,CAIT,Total including LUCF,All GHG,MtCO₂e,216.19,201.29,197.79,185.86,193.77,186.98,175.68,153.68,141.36,128.25,104.97,95.48,101.32,105.09,90.93,86.92,97.81,102.09,90.52,80.16,96.75,130.3,111.75,110.0,114.03,103.01,80.01,58.3,78.65
Ethiopia,CAIT,Total including LUCF,All GHG,MtCO₂e,204.67,203.35,199.92,193.58,188.21,180.17,173.67,166.05,163.85,158.63,154.15,149.46,138.98,133.69,129.96,127.6,128.94,119.19,112.72,115.5,113.73,107.08,102.16,98.44,96.28,93.88,98.4,95.87,94.1
Peru,CAIT,Total including LUCF,All GHG,MtCO₂e,186.18,185.87,187.96,183.85,182.2,178.81,177.42,177.04,149.77,145.59,141.47,136.81,132.8,133.19,131.65,127.3,127.36,125.32,122.09,121.44,117.11,116.84,115.54,111.96,107.18,104.65,103.48,102.62,103.85
Netherlands,CAIT,Total including LUCF,All GHG,MtCO₂e,179.99,185.91,189.52,189.7,180.75,188.06,188.48,190.26,203.24,192.44,197.69,199.91,200.03,204.7,210.34,208.78,208.85,209.35,208.55,210.62,223.08,222.95,231.75,220.82,215.43,215.69,210.18,210.79,205.44
Tanzania,CAIT,Total including LUCF,All GHG,MtCO₂e,175.57,175.49,176.81,164.65,155.92,152.42,148.15,140.84,136.69,133.03,130.35,127.09,124.27,128.97,122.48,122.55,113.58,107.46,102.02,104.74,105.0,101.0,101.0,108.0,104.0,103.0,103.0,103.0,102.75
Sudan,CAIT,Total including LUCF,All GHG,MtCO₂e,130.64,129.91,130.01,125.99,122.35,121.16,120.84,116.09,116.64,118.35,116.38,115.25,109.78,110.72,105.75,103.26,100.32,95.03,107.06,107.8,104.16,97.46,89.75,85.38,84.18,79.7,77.76,74.13,73.23
Bolivia,CAIT,Total including LUCF,All GHG,MtCO₂e,126.21,125.32,126.36,115.51,112.39,111.88,111.8,111.42,122.67,101.39,102.42,107.32,102.56,100.75,104.92,92.79,95.21,89.29,109.82,119.22,113.75,112.74,111.71,111.02,111.44,109.37,107.6,105.78,104.98
Turkmenistan,CAIT,Total including LUCF,All GHG,MtCO₂e,125.08,125.62,125.94,126.15,119.77,114.27,108.94,101.66,91.9,86.13,94.4,94.27,89.75,89.34,88.86,84.38,77.22,72.84,69.8,66.86,59.91,57.69,56.92,59.38,57.44,53.18,56.19,69.95,79.18
Angola,CAIT,Total including LUCF,All GHG,MtCO₂e,124.59,137.32,138.85,139.09,136.5,135.41,133.21,133.54,133.35,128.34,123.39,121.86,114.99,115.14,114.92,111.24,100.57,95.49,73.29,77.65,79.62,71.74,73.33,71.47,67.1,66.96,66.17,65.85,65.18
Cameroon,CAIT,Total including LUCF,All GHG,MtCO₂e,123.33,122.84,122.84,121.47,120.46,120.1,118.77,119.25,127.86,126.55,126.48,126.33,125.1,126.78,123.97,126.14,123.4,123.34,137.82,136.42,137.23,133.37,132.5,132.22,132.18,75.74,71.57,71.62,71.93
Zimbabwe,CAIT,Total including LUCF,All GHG,MtCO₂e,118.77,116.09,116.52,42.89,40.84,42.42,42.36,42.04,39.3,36.27,35.35,37.26,36.73,37.86,37.39,37.49,40.16,43.14,42.23,45.06,42.75,41.44,42.27,40.35,40.49,40.75,44.29,43.48,43.18
Czech Republic,CAIT,Total including LUCF,All GHG,MtCO₂e,117.03,118.3,118.28,118.65,116.73,119.45,124.74,128.14,127.45,124.37,132.0,137.06,134.09,133.11,136.18,135.63,131.29,136.91,134.68,124.05,132.16,138.79,141.3,139.69,139.71,147.0,151.72,156.17,172.9
Kuwait,CAIT,Total including LUCF,All GHG,MtCO₂e,112.97,111.46,109.84,106.21,100.31,100.55,97.45,93.58,89.21,85.46,82.71,77.91,78.24,75.23,67.15,63.0,60.42,57.48,53.58,49.76,45.51,39.28,37.79,38.22,37.81,32.97,26.33,38.74,32.05
Mozambique,CAIT,Total including LUCF,All GHG,MtCO₂e,110.07,106.39,107.78,98.9,99.78,99.38,97.79,93.75,104.37,95.68,100.92,96.0,93.89,95.09,90.39,91.4,86.48,86.39,68.48,70.86,72.05,69.33,71.6,85.82,85.58,85.61,85.21,84.87,84.89
Belgium,CAIT,Total including LUCF,All GHG,MtCO₂e,108.91,108.41,110.52,109.16,104.09,110.5,109.23,109.82,121.44,114.12,121.18,118.84,123.51,126.49,130.35,131.78,128.4,135.68,134.3,134.27,138.13,135.36,138.55,133.19,133.02,127.66,129.84,131.76,126.81
Chad,CAIT,Total including LUCF,All GHG,MtCO₂e,105.06,102.15,100.19,97.44,92.23,89.7,88.03,84.86,73.18,69.99,69.93,69.47,67.2,65.92,62.44,59.23,55.04,50.83,46.87,46.58,44.74,40.17,38.44,35.24,34.21,33.22,32.25,31.37,24.94
Libya,CAIT,Total including LUCF,All GHG,MtCO₂e,103.04,96.58,86.62,84.88,102.27,109.15,117.93,115.16,145.81,141.57,138.42,132.52,134.75,133.59,127.32,123.42,120.15,115.37,111.3,109.46,111.01,109.57,109.81,107.57,105.69,100.49,99.77,102.72,105.32
Qatar,CAIT,Total including LUCF,All GHG,MtCO₂e,99.83,97.34,94.7,92.46,88.94,82.7,80.86,72.84,68.84,63.19,60.67,55.95,49.05,44.81,35.26,32.04,30.5,26.17,24.23,25.37,23.13,21.69,20.05,19.1,18.23,17.34,16.42,16.24,14.08
Afghanistan,CAIT,Total including LUCF,All GHG,MtCO₂e,99.08,97.45,95.53,93.48,84.37,74.55,66.5,58.41,45.03,37.08,31.66,25.0,21.16,17.52,16.64,16.9,16.21,13.61,12.69,14.53,13.71,12.95,12.05,11.09,10.88,11.08,11.25,12.71,12.79
Paraguay,CAIT,Total including LUCF,All GHG,MtCO₂e,95.29,97.1,94.16,115.54,115.13,113.28,111.63,110.36,97.24,94.53,92.51,94.74,91.09,90.96,89.59,91.75,90.05,89.81,73.74,78.31,75.13,74.9,73.7,73.74,71.74,71.75,71.53,72.17,75.16
Zambia,CAIT,Total including LUCF,All GHG,MtCO₂e,93.23,93.87,93.51,94.32,89.04,88.17,86.73,82.69,68.23,62.11,65.56,63.26,60.68,65.37,62.74,62.17,56.45,53.21,47.47,53.22,57.15,58.16,59.95,70.94,73.43,74.99,76.27,76.95,77.42
Morocco,CAIT,Total including LUCF,All GHG,MtCO₂e,92.35,91.16,86.73,88.35,85.61,83.82,83.0,80.73,72.5,68.69,68.11,65.14,63.9,61.35,58.46,53.91,53.64,51.84,47.58,46.47,44.29,43.36,41.41,40.73,40.11,37.0,37.31,36.19,34.78
Ecuador,CAIT,Total including LUCF,All GHG,MtCO₂e,91.84,90.21,91.17,83.48,84.87,84.03,81.06,79.83,90.38,87.58,84.27,82.98,82.85,80.37,78.86,76.2,75.62,75.26,78.93,79.72,82.35,83.43,81.38,78.0,74.88,73.27,73.51,71.25,70.4
Israel,CAIT,Total including LUCF,All GHG,MtCO₂e,87.92,91.14,89.51,89.46,87.1,88.51,96.67,89.54,89.32,83.86,84.28,83.61,80.41,76.09,77.43,76.34,75.52,73.5,73.59,68.72,66.52,65.15,62.13,59.03,55.21,51.88,47.82,45.03,43.95
Central African Republic,CAIT,Total including LUCF,All GHG,MtCO₂e,87.07,86.67,90.99,83.31,79.57,80.65,80.14,83.04,78.74,70.69,80.89,80.56,77.77,78.25,72.15,83.41,69.63,74.07,66.21,64.61,67.96,62.37,58.69,69.67,69.1,66.16,65.67,65.19,64.44
Greece,CAIT,Total including LUCF,All GHG,MtCO₂e,86.14,87.92,88.31,89.58,91.31,94.37,102.01,107.17,107.1,113.81,120.71,124.62,121.21,122.83,120.74,121.13,117.81,117.43,117.05,111.37,110.45,106.21,105.1,104.03,99.62,97.0,96.63,94.55,94.44
Romania,CAIT,Total including LUCF,All GHG,MtCO₂e,86.13,85.69,82.96,-177.03,-178.71,-177.81,-168.24,-165.52,112.18,115.28,131.91,133.95,137.74,136.3,137.89,140.81,134.98,138.07,134.81,130.19,145.8,163.31,175.94,172.66,167.11,170.57,182.02,203.46,245.92
Oman,CAIT,Total including LUCF,All GHG,MtCO₂e,82.32,78.51,77.85,76.26,72.07,68.28,65.34,58.73,52.48,48.44,45.55,46.22,42.44,32.53,32.12,32.24,31.51,29.87,27.1,24.85,21.51,21.28,19.7,19.32,17.38,17.47,18.13,19.16,14.79
Azerbaijan,CAIT,Total including LUCF,All GHG,MtCO₂e,78.35,78.61,79.97,79.18,80.36,80.18,80.64,79.47,77.18,72.9,71.98,64.4,65.74,62.71,58.72,57.43,59.73,58.8,58.71,56.6,56.29,55.45,55.36,60.01,62.05,68.59,60.44,84.19,75.17
Kenya,CAIT,Total including LUCF,All GHG,MtCO₂e,71.21,69.13,71.93,82.31,79.66,76.73,74.73,75.37,79.81,78.2,77.78,76.44,59.65,59.19,58.81,56.18,55.22,54.32,35.5,36.48,34.26,32.9,32.87,33.33,32.98,32.72,32.92,32.92,34.15
New Zealand,CAIT,Total including LUCF,All GHG,MtCO₂e,70.71,71.45,69.8,64.97,65.02,64.53,64.95,62.69,57.14,57.36,60.16,60.14,61.43,61.17,59.66,61.02,58.59,57.05,51.29,51.14,48.89,50.39,48.09,47.55,46.29,44.56,45.48,44.62,45.17
Uganda,CAIT,Total including LUCF,All GHG,MtCO₂e,70.71,69.83,68.72,66.07,64.26,62.54,61.57,59.58,58.84,55.99,54.95,47.72,44.25,44.79,42.53,42.31,40.41,39.45,39.64,39.72,39.76,38.19,36.7,35.88,35.06,35.31,34.87,34.55,34.0
Cambodia,CAIT,Total including LUCF,All GHG,MtCO₂e,69.15,70.81,68.73,103.41,100.75,100.1,99.66,101.28,36.96,38.12,36.52,36.76,35.82,32.38,33.89,33.0,30.49,28.04,27.43,29.09,29.56,26.06,24.76,28.47,26.3,27.38,26.45,25.8,25.99
South Sudan,CAIT,Total including LUCF,All GHG,MtCO₂e,68.49,65.83,68.58,64.74,67.66,70.42,74.53,73.36,76.9,77.69,75.66,74.71,70.9,71.98,68.63,66.34,63.54,59.79,64.8,62.44,59.09,53.72,48.88,44.75,43.97,42.06,40.03,37.56,36.66
Austria,CAIT,Total including LUCF,All GHG,MtCO₂e,67.85,70.71,68.53,68.41,67.28,71.05,70.5,73.72,76.55,70.83,77.79,78.22,81.31,83.63,83.59,82.77,77.69,76.39,64.76,64.56,66.38,66.4,67.41,63.69,61.22,61.12,61.2,66.99,62.79
Portugal,CAIT,Total including LUCF,All GHG,MtCO₂e,67.15,71.77,66.81,66.64,62.51,62.92,64.62,66.31,68.6,73.87,74.74,76.99,78.41,83.7,80.6,78.71,83.6,78.72,80.33,80.82,74.08,68.93,66.63,68.18,64.41,62.5,63.58,59.56,57.84
Belarus,CAIT,Total including LUCF,All GHG,MtCO₂e,66.68,63.76,62.24,68.08,72.53,73.22,72.6,70.97,65.26,60.67,63.54,59.4,60.66,57.49,56.74,53.02,52.01,53.15,46.09,48.68,50.95,52.84,52.41,51.66,59.65,72.69,85.47,99.3,104.36
Singapore,CAIT,Total including LUCF,All GHG,MtCO₂e,66.67,66.0,63.99,62.51,60.78,59.57,58.66,59.05,55.98,52.25,51.7,51.4,50.13,49.68,52.39,50.96,54.07,54.95,55.25,50.61,49.66,50.69,50.59,49.15,47.8,44.23,37.34,34.74,31.56
Papua New Guinea,CAIT,Total including LUCF,All GHG,MtCO₂e,64.09,63.76,63.56,62.81,60.2,58.62,57.44,56.74,48.67,48.66,48.57,49.46,49.63,49.86,51.05,49.61,49.61,48.81,48.89,47.51,46.37,59.93,45.38,45.96,42.44,41.56,40.5,39.5,38.45
Hungary,CAIT,Total including LUCF,All GHG,MtCO₂e,62.81,62.78,60.86,59.67,56.74,56.47,58.81,62.68,64.35,64.37,70.22,71.63,73.8,74.57,75.48,76.67,73.79,75.63,72.67,75.48,74.76,74.9,76.57,74.3,75.97,76.32,75.77,85.72,90.74
Serbia,CAIT,Total including LUCF,All GHG,MtCO₂e,62.51,64.42,64.1,60.07,53.76,61.66,60.89,65.63,28.54,29.16,32.5,33.85,34.13,31.83,38.67,33.25,30.25,26.97,57.37,55.38,72.71,73.0,68.16,60.67,54.1,57.78,63.54,68.81,79.12
Ireland,CAIT,Total including LUCF,All GHG,MtCO₂e,62.29,62.45,63.08,61.1,59.3,59.14,60.06,58.41,62.91,64.27,69.64,70.69,72.32,71.35,70.13,70.9,70.62,71.35,68.77,65.8,64.24,60.84,59.34,57.85,57.02,55.54,54.89,54.68,54.11
Finland,CAIT,Total including LUCF,All GHG,MtCO₂e,61.43,60.02,62.88,-1.07,2.38,6.47,5.73,11.43,59.29,51.19,54.8,62.92,64.75,53.39,65.56,69.47,61.32,58.93,37.79,39.13,39.81,43.45,45.39,38.94,42.92,36.31,35.07,38.18,38.27
Botswana,CAIT,Total including LUCF,All GHG,MtCO₂e,57.45,58.79,54.92,55.73,56.09,57.28,57.82,68.83,63.76,53.17,62.3,53.51,55.21,53.35,51.95,51.32,58.44,58.09,56.28,56.5,56.43,56.61,56.98,55.54,54.61,54.33,54.65,54.38,54.94
Mongolia,CAIT,Total including LUCF,All GHG,MtCO₂e,55.72,53.99,51.2,48.92,47.31,44.76,42.31,38.92,36.16,38.88,37.84,37.61,34.9,31.98,29.29,29.5,29.76,31.61,34.91,33.78,33.7,34.06,31.88,32.52,31.6,33.37,34.57,36.71,34.47
Burkina Faso,CAIT,Total including LUCF,All GHG,MtCO₂e,54.96,54.66,53.75,34.11,33.36,32.86,31.84,31.12,41.27,40.09,39.39,38.55,37.8,37.75,37.08,36.48,33.0,32.26,30.42,29.07,29.15,28.37,27.83,27.9,27.52,27.05,26.79,26.49,26.04
Nepal,CAIT,Total including LUCF,All GHG,MtCO₂e,54.57,53.06,52.26,46.82,47.78,45.78,44.84,42.54,33.93,32.45,30.37,28.8,28.47,28.68,27.86,27.65,26.4,27.11,29.46,28.75,26.84,25.68,24.77,24.1,22.89,21.8,20.85,20.99,20.6
Chile,CAIT,Total including LUCF,All GHG,MtCO₂e,51.77,52.77,50.37,23.21,17.45,23.68,20.68,18.43,57.15,52.36,55.06,50.39,42.17,40.85,40.23,34.93,34.08,33.28,54.22,57.97,55.16,53.95,46.64,40.3,36.84,33.32,31.95,29.62,30.34
Côte d'Ivoire,CAIT,Total including LUCF,All GHG,MtCO₂e,49.55,49.77,49.41,48.1,47.05,47.09,45.79,44.83,45.94,46.98,48.89,49.91,50.99,52.82,52.33,54.69,57.46,58.12,93.64,94.44,93.17,93.13,92.25,92.5,92.51,86.68,80.99,75.4,69.67
Bahrain,CAIT,Total including LUCF,All GHG,MtCO₂e,48.95,47.94,47.15,46.95,45.9,43.76,40.88,39.66,38.92,37.01,36.43,34.03,32.88,30.46,27.37,27.07,26.02,24.85,24.02,22.86,22.17,20.33,19.34,17.96,17.13,16.67,15.78,13.76,14.06
Denmark,CAIT,Total including LUCF,All GHG,MtCO₂e,46.73,47.02,49.19,44.65,46.73,50.98,49.44,54.51,61.79,61.36,64.17,67.65,72.46,64.69,68.54,74.87,69.44,69.7,68.8,73.01,75.85,79.91,89.58,76.11,79.2,75.5,72.94,79.13,68.51
Solomon Islands,CAIT,Total including LUCF,All GHG,MtCO₂e,46.35,46.31,46.29,-17.02,-17.01,-16.98,-17.03,-17.05,2.44,2.42,2.4,2.41,2.39,2.39,2.35,2.3,2.28,2.26,4.47,4.45,4.43,4.42,4.4,4.39,4.37,4.35,4.34,4.32,4.31
Syria,CAIT,Total including LUCF,All GHG,MtCO₂e,46.32,47.55,44.93,43.71,48.43,55.61,75.26,88.89,95.31,95.8,101.03,99.92,96.24,92.26,81.14,78.81,78.47,77.86,77.34,77.33,78.35,75.09,74.64,71.42,67.26,63.85,63.36,62.21,57.85
Niger,CAIT,Total including LUCF,All GHG,MtCO₂e,46.3,44.29,42.57,40.84,39.04,36.81,34.98,32.52,30.9,30.74,29.36,28.09,26.86,25.88,24.95,24.06,23.13,22.31,26.02,25.16,24.52,23.53,22.95,22.15,21.5,20.95,20.23,19.68,19.16
North Korea,CAIT,Total including LUCF,All GHG,MtCO₂e,45.29,49.31,56.75,51.77,58.13,54.06,64.62,62.99,75.66,78.77,95.15,87.05,99.57,97.45,94.68,92.98,91.67,94.55,96.09,92.8,88.91,97.42,105.49,117.3,124.95,134.39,143.85,157.99,165.49
Somalia,CAIT,Total including LUCF,All GHG,MtCO₂e,44.32,44.27,44.42,44.46,44.4,44.25,44.11,43.79,43.62,43.37,43.3,43.23,44.29,45.52,45.04,44.7,44.43,44.0,43.42,43.22,43.12,43.24,42.82,42.35,41.67,39.7,37.7,39.63,42.49
Switzerland,CAIT,Total including LUCF,All GHG,MtCO₂e,43.78,44.96,45.95,45.49,46.26,50.06,49.04,47.81,51.74,50.18,51.65,50.06,51.99,52.29,51.6,51.15,49.96,51.64,50.89,51.69,51.57,50.03,51.49,50.9,49.97,50.85,53.31,53.4,51.19
Mali,CAIT,Total including LUCF,All GHG,MtCO₂e,43.74,42.14,41.05,36.67,35.19,34.62,33.43,32.76,31.8,29.62,29.38,27.94,27.0,26.68,25.72,23.41,22.62,22.34,25.12,25.91,24.64,20.19,19.21,18.75,18.41,18.15,17.93,17.87,17.91
Madagascar,CAIT,Total including LUCF,All GHG,MtCO₂e,41.29,40.56,41.83,41.14,40.11,40.01,41.03,40.25,52.19,51.66,50.74,52.14,50.81,52.32,48.12,49.15,46.58,48.81,56.64,57.91,58.19,56.97,57.56,56.91,56.47,56.51,56.05,55.72,55.62
Guinea,CAIT,Total including LUCF,All GHG,MtCO₂e,41.17,41.11,40.96,37.1,36.32,35.61,35.37,33.86,32.29,30.01,29.54,28.92,28.54,28.2,26.72,26.68,26.45,25.27,24.28,23.84,24.27,22.8,22.36,22.9,22.49,22.07,21.7,21.37,21.05
Slovakia,CAIT,Total including LUCF,All GHG,MtCO₂e,38.86,39.42,37.52,30.16,29.74,32.39,31.75,34.06,34.76,33.17,36.81,36.94,37.92,38.39,37.5,38.16,37.87,38.43,36.76,39.35,40.81,42.0,42.19,42.15,41.56,44.27,46.97,49.51,57.56
Cuba,CAIT,Total including LUCF,All GHG,MtCO₂e,38.82,39.47,42.62,31.91,31.83,32.18,33.5,33.31,36.89,33.85,32.45,33.0,31.95,31.05,30.85,31.31,32.06,33.39,33.9,33.57,33.23,33.75,31.3,28.2,26.44,25.11,28.9,34.84,43.7
Guatemala,CAIT,Total including LUCF,All GHG,MtCO₂e,38.7,37.01,37.78,40.85,37.85,36.81,35.56,34.86,40.28,40.51,38.9,40.22,38.59,39.24,37.1,38.12,36.43,35.42,38.72,36.22,37.53,33.65,33.19,32.69,31.59,31.27,30.51,29.24,28.77
Nicaragua,CAIT,Total including LUCF,All GHG,MtCO₂e,38.67,38.49,38.67,29.87,28.96,28.05,27.77,27.42,38.95,38.56,38.46,38.58,38.41,38.25,37.77,38.29,37.12,36.65,32.52,31.95,31.37,30.4,29.56,29.54,30.15,29.83,29.16,28.25,29.61
Laos,CAIT,Total including LUCF,All GHG,MtCO₂e,38.63,38.76,37.4,29.28,24.93,24.44,23.43,21.53,28.63,24.97,23.56,27.97,23.14,24.05,26.78,22.54,21.97,20.89,20.41,20.98,22.36,20.68,21.09,20.82,20.83,20.52,20.56,20.31,20.45
Dominican Republic,CAIT,Total including LUCF,All GHG,MtCO₂e,37.5,35.45,36.23,35.38,33.01,32.76,32.99,32.22,31.09,29.76,30.26,30.08,28.88,26.99,25.69,26.43,28.75,26.35,20.27,19.5,18.86,16.96,15.27,14.35,13.84,11.84,11.31,9.8,8.65
Tunisia,CAIT,Total including LUCF,All GHG,MtCO₂e,37.31,36.96,35.94,44.05,43.25,41.0,41.13,40.18,36.65,34.33,33.74,33.61,32.93,31.88,31.36,30.21,30.0,29.93,29.55,27.97,26.53,25.15,24.45,22.96,22.29,22.3,20.73,19.98,18.94
Sri Lanka,CAIT,Total including LUCF,All GHG,MtCO₂e,37.15,37.83,37.21,34.51,31.22,28.37,30.51,29.14,28.05,26.82,27.67,27.37,26.41,27.96,25.98,25.78,24.54,23.54,25.84,26.75,27.46,30.06,32.19,32.47,32.32,31.4,30.95,29.1,29.15
Jordan,CAIT,Total including LUCF,All GHG,MtCO₂e,35.81,36.74,35.07,34.97,34.68,32.42,32.12,28.55,27.43,27.57,26.89,27.63,26.18,25.44,23.93,22.43,21.84,21.03,20.9,20.34,21.28,22.07,22.57,23.34,23.71,22.63,21.89,19.14,18.67
Uruguay,CAIT,Total including LUCF,All GHG,MtCO₂e,34.39,34.34,35.28,29.77,30.0,30.53,31.52,30.67,26.04,28.45,28.89,26.35,27.39,25.27,25.09,23.18,22.28,21.95,19.07,20.96,19.94,20.38,20.7,19.4,19.19,19.31,18.77,17.16,15.54
Senegal,CAIT,Total including LUCF,All GHG,MtCO₂e,34.36,34.1,34.15,32.58,31.67,31.06,29.7,30.01,30.85,29.75,29.35,28.41,28.23,27.79,26.99,24.79,25.41,25.89,26.68,26.64,24.38,23.12,22.56,21.26,20.89,20.47,20.12,19.58,19.19
Lebanon,CAIT,Total including LUCF,All GHG,MtCO₂e,34.28,35.52,33.71,32.58,30.23,28.28,28.28,25.68,25.07,25.97,22.54,18.79,19.8,20.73,21.31,20.76,20.07,20.1,18.78,19.94,18.97,18.62,16.41,15.39,13.12,12.17,8.78,8.73,7.23
Sweden,CAIT,Total including LUCF,All GHG,MtCO₂e,30.05,32.5,32.87,27.85,27.95,29.28,30.98,33.83,49.08,43.5,47.38,48.52,50.61,52.14,55.69,57.11,56.12,54.79,69.41,73.6,74.87,74.08,80.33,74.78,75.23,73.42,73.46,70.91,70.26
Norway,CAIT,Total including LUCF,All GHG,MtCO₂e,28.42,27.97,29.02,29.65,29.38,29.11,30.03,31.17,29.06,24.7,25.29,26.77,26.14,25.72,26.97,26.45,24.51,25.04,32.21,37.58,35.64,34.06,32.45,31.6,32.28,30.74,28.89,28.34,30.91
Honduras,CAIT,Total including LUCF,All GHG,MtCO₂e,28.13,26.94,27.37,27.69,27.39,27.07,26.24,26.31,24.46,24.38,24.31,24.28,23.57,23.2,22.52,22.75,19.92,19.47,19.42,18.96,19.98,19.47,19.15,19.59,18.8,18.09,18.27,17.94,17.8
Benin,CAIT,Total including LUCF,All GHG,MtCO₂e,28.12,27.01,26.83,25.15,24.5,23.93,23.22,23.23,22.99,22.4,21.7,21.93,21.08,20.33,19.11,19.02,19.06,18.12,23.56,23.33,23.55,22.43,22.14,20.82,20.97,20.68,20.56,20.44,20.31
Malawi,CAIT,Total including LUCF,All GHG,MtCO₂e,26.83,25.4,24.98,24.41,23.53,22.49,21.87,21.0,20.48,19.66,20.04,19.59,19.26,19.45,18.84,18.67,17.97,17.33,16.99,16.93,16.82,16.49,16.44,16.27,15.83,17.09,17.84,18.71,19.42
Bosnia and Herzegovina,CAIT,Total including LUCF,All GHG,MtCO₂e,25.45,25.73,25.46,20.93,20.75,23.33,23.56,25.35,26.3,26.3,26.06,24.16,23.04,21.17,20.5,19.44,18.94,18.8,22.07,18.3,18.31,15.47,10.56,9.48,9.57,19.89,23.34,30.87,33.41
Equatorial Guinea,CAIT,Total including LUCF,All GHG,MtCO₂e,23.1,22.53,22.98,25.0,26.39,28.11,29.21,29.36,29.62,29.99,29.54,28.35,30.2,29.36,26.62,22.63,19.6,16.41,14.13,12.09,10.37,8.88,7.25,5.23,5.18,5.12,4.15,4.09,4.04
Trinidad and Tobago,CAIT,Total including LUCF,All GHG,MtCO₂e,23.03,23.2,22.97,25.71,26.1,26.63,25.74,26.52,25.7,23.09,23.84,24.59,24.56,21.82,18.05,17.3,17.95,17.24,16.06,15.79,15.59,15.18,14.64,14.38,14.2,13.65,13.1,14.15,15.23
Liberia,CAIT,Total including LUCF,All GHG,MtCO₂e,22.66,22.52,22.58,23.19,21.87,20.63,20.04,19.34,18.55,18.96,18.0,17.88,17.88,17.51,17.35,17.22,17.0,16.92,16.84,16.68,16.65,16.45,16.29,16.25,16.39,16.56,16.73,16.85,17.13
Namibia,CAIT,Total including LUCF,All GHG,MtCO₂e,22.49,23.45,23.4,22.66,22.53,23.26,30.05,28.46,23.48,24.07,21.16,22.61,23.23,21.88,21.28,20.78,20.11,21.48,21.48,20.66,20.62,19.89,20.04,20.15,20.04,19.85,19.89,19.94,N/A
Panama,CAIT,Total including LUCF,All GHG,MtCO₂e,22.41,22.29,22.72,22.5,23.03,22.42,22.08,21.37,20.28,19.63,18.03,17.9,17.87,17.33,15.66,15.64,15.33,16.04,16.24,16.1,16.98,15.94,16.03,16.08,15.86,15.56,15.29,14.62,14.11
Yemen,CAIT,Total including LUCF,All GHG,MtCO₂e,21.76,21.97,22.74,26.05,38.81,38.35,31.47,32.39,35.61,36.97,33.06,31.41,29.68,29.33,28.24,26.98,24.03,23.84,22.25,21.07,19.24,17.82,16.48,15.82,14.3,13.92,14.8,14.02,12.37
Estonia,CAIT,Total including LUCF,All GHG,MtCO₂e,20.56,20.86,20.21,11.95,14.39,15.72,13.31,14.54,20.26,16.26,19.66,21.2,17.18,18.41,18.26,18.1,16.15,16.56,16.08,16.43,17.37,17.88,18.3,17.42,19.11,19.99,25.79,33.58,37.37
Republic of Congo,CAIT,Total including LUCF,All GHG,MtCO₂e,20.29,19.88,20.22,19.03,19.0,19.35,19.8,19.89,19.65,19.38,19.33,18.89,18.96,18.53,16.05,16.01,14.72,14.41,14.51,14.98,15.15,15.25,14.68,15.9,15.75,15.98,16.01,16.1,13.88
Ghana,CAIT,Total including LUCF,All GHG,MtCO₂e,19.6,18.03,16.43,70.87,68.23,67.66,64.77,61.83,74.94,72.93,71.51,71.59,71.09,69.78,67.34,68.4,67.7,66.27,31.16,30.34,31.33,27.77,26.37,25.42,24.85,24.38,23.88,23.16,22.89
Bulgaria,CAIT,Total including LUCF,All GHG,MtCO₂e,19.52,22.65,20.47,45.2,42.55,39.96,45.04,50.74,33.49,31.8,39.21,41.68,37.48,37.41,37.44,38.75,33.96,36.61,35.97,36.58,43.51,47.36,49.88,49.35,48.13,52.02,53.5,59.37,76.59
Guyana,CAIT,Total including LUCF,All GHG,MtCO₂e,19.12,18.91,18.84,21.57,21.45,21.25,21.1,20.86,13.13,12.87,12.84,12.7,12.39,12.58,12.95,12.55,12.27,12.38,11.63,11.94,11.88,11.72,11.38,11.02,10.23,9.94,9.8,9.81,9.59
Croatia,CAIT,Total including LUCF,All GHG,MtCO₂e,18.21,19.06,18.39,21.19,20.6,21.33,22.45,24.41,25.35,25.91,28.47,29.3,27.79,27.06,27.17,27.4,26.3,25.3,24.49,25.41,25.8,25.44,23.96,24.61,23.33,23.25,22.36,21.34,27.85
Lithuania,CAIT,Total including LUCF,All GHG,MtCO₂e,18.21,18.11,18.21,12.71,12.46,12.94,13.83,13.92,20.55,19.74,23.33,23.9,22.9,22.78,21.64,20.69,20.52,20.16,20.23,21.94,24.69,23.81,24.04,23.29,24.9,26.92,32.84,47.61,45.88
Slovenia,CAIT,Total including LUCF,All GHG,MtCO₂e,17.51,17.65,17.48,13.68,13.6,15.15,15.79,16.4,7.56,7.26,9.25,8.26,8.33,7.96,7.76,7.54,7.57,7.5,8.76,9.06,9.75,10.02,9.54,8.72,7.85,7.77,7.06,7.32,8.35
Brunei,CAIT,Total including LUCF,All GHG,MtCO₂e,16.95,16.66,16.57,16.27,17.39,17.45,17.66,17.62,18.47,19.54,19.79,19.9,20.75,18.86,18.86,19.26,18.14,18.06,18.07,17.48,21.65,17.99,17.09,16.79,16.28,15.86,15.45,15.11,15.51
Georgia,CAIT,Total including LUCF,All GHG,MtCO₂e,16.9,17.19,17.39,16.97,16.63,16.05,15.26,14.38,9.48,9.75,9.0,9.87,9.12,8.76,8.13,8.03,7.49,8.05,-4.25,-4.62,-4.32,-3.83,-3.12,-1.49,1.96,9.3,15.56,23.65,33.78
Tajikistan,CAIT,Total including LUCF,All GHG,MtCO₂e,15.08,14.07,13.52,11.88,11.3,9.86,9.44,8.66,8.43,8.39,8.73,8.38,7.71,7.26,7.18,6.62,6.46,6.41,6.76,7.11,7.59,7.65,7.41,8.04,8.63,11.1,13.94,16.95,17.82
Kyrgyzstan,CAIT,Total including LUCF,All GHG,MtCO₂e,14.86,12.97,13.25,16.23,15.67,15.13,15.6,13.01,12.32,12.65,13.02,11.85,10.6,10.49,10.81,10.66,10.02,9.07,8.64,8.68,10.03,9.82,9.93,8.99,11.68,16.86,21.71,29.36,31.63
Gabon,CAIT,Total including LUCF,All GHG,MtCO₂e,13.97,14.03,14.85,14.46,14.33,14.52,14.5,14.26,9.91,9.25,9.27,9.03,8.98,9.44,9.33,9.1,8.95,9.11,9.72,10.15,10.49,10.66,10.82,11.06,11.19,11.51,11.46,11.26,11.08
El Salvador,CAIT,Total including LUCF,All GHG,MtCO₂e,13.44,13.05,13.8,13.81,13.34,13.05,13.78,13.63,13.7,13.95,14.34,14.9,14.29,13.82,13.48,13.17,12.65,12.45,11.84,11.98,11.81,11.73,10.89,10.98,10.73,10.05,9.51,9.1,8.25
Moldova,CAIT,Total including LUCF,All GHG,MtCO₂e,13.28,12.81,12.78,12.02,11.81,11.15,12.0,12.25,11.53,10.77,11.45,11.58,11.36,11.7,11.41,11.42,10.82,10.68,11.15,12.0,13.36,14.82,16.53,18.29,20.35,23.42,26.81,32.03,38.12
Suriname,CAIT,Total including LUCF,All GHG,MtCO₂e,13.15,13.26,13.42,12.74,12.63,12.19,12.35,11.87,7.33,7.0,6.86,6.67,6.78,6.83,6.65,6.3,6.07,6.6,6.18,6.88,6.83,6.76,6.78,6.67,6.55,6.52,6.58,6.47,6.12
Mauritania,CAIT,Total including LUCF,All GHG,MtCO₂e,12.99,12.84,12.17,13.22,12.55,12.06,12.07,11.62,11.5,10.92,10.14,10.74,10.48,10.11,9.96,9.92,9.75,9.66,9.55,9.13,8.56,8.28,7.99,7.47,7.37,7.44,7.23,7.36,7.12
Sierra Leone,CAIT,Total including LUCF,All GHG,MtCO₂e,10.57,10.88,11.03,11.23,10.97,10.45,10.49,9.37,8.73,9.0,8.66,9.43,10.16,8.7,8.73,8.31,7.38,6.95,6.52,6.34,6.67,6.54,6.56,7.31,7.64,7.66,7.57,7.46,7.47
Haiti,CAIT,Total including LUCF,All GHG,MtCO₂e,10.56,10.54,10.53,10.34,10.01,9.65,9.36,9.62,8.64,8.1,8.06,8.04,7.63,7.58,7.49,7.62,7.58,7.29,7.12,6.65,6.51,6.37,5.97,5.69,4.9,5.4,5.76,5.35,5.13
Macedonia,CAIT,Total including LUCF,All GHG,MtCO₂e,10.51,11.01,10.53,10.56,10.82,11.24,12.12,12.7,11.75,11.91,12.61,12.81,12.37,12.33,11.95,12.17,11.26,11.88,11.85,12.13,13.03,12.26,13.44,11.91,12.27,12.72,12.72,13.31,13.98
Jamaica,CAIT,Total including LUCF,All GHG,MtCO₂e,10.2,8.87,9.41,9.02,9.13,9.29,8.81,9.24,6.44,6.83,8.57,10.97,11.05,9.85,9.89,9.97,9.55,9.38,12.22,12.1,11.78,11.21,11.07,10.73,10.41,10.37,10.18,9.39,9.39
Luxembourg,CAIT,Total including LUCF,All GHG,MtCO₂e,9.94,9.64,9.5,9.81,10.32,10.81,11.34,11.59,11.46,10.86,11.44,11.52,12.11,12.3,12.07,10.63,10.23,9.44,8.85,8.23,7.84,8.52,9.02,8.94,11.09,11.93,11.72,12.04,11.56
Albania,CAIT,Total including LUCF,All GHG,MtCO₂e,9.84,10.06,9.49,9.01,9.08,8.6,8.4,8.79,8.01,7.73,7.67,7.94,7.88,7.98,8.19,8.13,7.7,7.08,8.48,8.09,6.88,6.65,7.36,7.63,7.87,7.03,7.09,9.15,11.51
Armenia,CAIT,Total including LUCF,All GHG,MtCO₂e,9.4,9.32,9.54,9.18,9.18,9.22,9.29,8.3,7.88,8.02,9.11,8.56,7.9,7.47,6.75,6.35,5.93,6.26,6.15,5.8,6.31,6.39,5.78,6.85,6.24,8.77,14.95,25.07,24.44
Togo,CAIT,Total including LUCF,All GHG,MtCO₂e,9.24,8.84,9.06,8.74,7.99,8.27,8.42,8.94,8.49,8.66,7.21,6.89,7.22,7.8,6.86,7.09,6.44,5.95,7.95,8.36,7.89,6.92,7.14,6.62,6.59,6.3,6.4,6.71,6.89
Burundi,CAIT,Total including LUCF,All GHG,MtCO₂e,8.99,8.88,8.25,2.94,2.96,3.02,2.66,2.6,7.36,7.02,6.87,6.74,6.67,6.51,6.47,6.44,6.49,6.53,8.67,8.73,8.73,8.71,8.67,8.66,8.44,8.5,8.48,8.44,8.33
Latvia,CAIT,Total including LUCF,All GHG,MtCO₂e,8.89,8.47,8.56,8.83,8.76,8.84,8.89,9.1,-1.41,-2.59,-1.8,-1.48,-1.91,-2.44,-2.6,-2.69,-2.83,-2.87,-2.21,-1.52,-0.87,-0.44,0.12,0.13,1.8,4.78,7.97,10.66,12.38
Costa Rica,CAIT,Total including LUCF,All GHG,MtCO₂e,8.54,8.43,8.31,7.4,7.49,7.49,7.0,7.01,13.11,12.99,13.4,13.24,11.82,11.51,10.97,10.99,10.62,10.59,13.19,13.33,13.53,12.78,12.68,12.73,13.16,12.77,12.71,11.61,11.34
Cyprus,CAIT,Total including LUCF,All GHG,MtCO₂e,8.35,8.43,8.29,7.83,7.77,7.38,8.05,8.56,8.87,9.18,9.36,9.17,8.85,8.74,8.6,8.65,7.99,7.76,8.03,7.77,7.49,7.17,7.08,6.7,6.81,6.56,6.29,5.87,5.35
Eritrea,CAIT,Total including LUCF,All GHG,MtCO₂e,7.93,7.78,7.7,7.52,7.68,7.8,7.91,8.01,7.95,7.95,7.8,7.76,7.34,7.48,7.61,7.7,7.7,7.91,8.34,8.25,8.09,8.09,7.61,7.11,6.51,5.8,5.7,4.66,4.12
Rwanda,CAIT,Total including LUCF,All GHG,MtCO₂e,7.82,7.76,7.71,7.85,7.18,7.15,6.98,6.82,7.78,7.53,7.41,7.22,7.01,6.74,6.81,6.86,6.85,6.73,6.8,6.76,6.57,6.41,6.29,6.15,6.38,6.51,6.59,6.66,6.68
Belize,CAIT,Total including LUCF,All GHG,MtCO₂e,6.82,6.84,6.77,7.0,6.79,6.94,6.94,7.22,4.6,5.44,4.42,4.46,4.28,4.25,4.11,4.52,4.29,4.18,7.43,8.44,9.6,10.57,11.55,12.71,13.8,13.7,13.63,13.41,13.2
Mauritius,CAIT,Total including LUCF,All GHG,MtCO₂e,6.71,6.7,6.5,6.37,6.33,6.12,5.99,5.83,5.86,5.59,5.59,5.48,5.34,4.91,4.72,4.7,4.5,4.48,4.27,3.84,3.31,3.03,2.92,2.75,2.69,2.61,2.45,2.36,2.26
Timor-Leste,CAIT,Total including LUCF,All GHG,MtCO₂e,6.66,6.86,7.23,7.36,7.33,7.36,7.39,7.41,7.52,7.21,6.89,6.52,6.23,5.88,4.9,4.1,3.26,2.2,1.13,1.07,1.18,1.16,1.15,1.13,1.11,1.03,0.99,0.99,0.92
Lesotho,CAIT,Total including LUCF,All GHG,MtCO₂e,5.85,5.78,5.42,5.39,5.39,5.28,5.28,5.1,4.9,4.75,4.53,4.46,4.26,4.19,3.99,4.01,3.93,4.08,4.08,4.13,3.63,3.61,3.59,3.59,3.63,3.62,3.61,3.39,3.33
Guinea-Bissau,CAIT,Total including LUCF,All GHG,MtCO₂e,4.44,4.39,4.37,4.59,4.35,4.25,4.48,4.05,4.13,3.99,3.91,4.15,4.14,3.85,3.9,3.88,3.79,3.65,3.47,3.77,3.41,3.18,3.14,3.49,3.46,3.43,3.4,3.36,3.35
Montenegro,CAIT,Total including LUCF,All GHG,MtCO₂e,3.83,3.56,3.43,3.69,3.59,3.69,3.83,4.07,0.05,-0.7,0.36,-0.1,0.09,0.03,-1.75,-1.6,-1.61,-1.61,2.17,2.23,2.25,2.25,2.22,2.19,2.13,2.12,2.11,2.23,2.24
Barbados,CAIT,Total including LUCF,All GHG,MtCO₂e,3.79,3.72,3.81,3.77,3.76,3.94,4.65,4.09,3.99,7.01,4.17,3.85,3.83,3.77,3.73,3.73,3.72,3.67,3.6,3.65,3.61,3.49,3.38,3.37,3.32,3.24,3.39,3.15,3.12
Iceland,CAIT,Total including LUCF,All GHG,MtCO₂e,3.35,3.34,3.22,3.25,3.21,3.14,2.98,2.99,3.24,3.36,3.7,3.81,3.8,3.33,3.37,3.3,3.33,3.27,3.43,3.4,3.42,3.27,3.29,3.04,3.1,3.02,3.06,3.26,3.38
Gambia,CAIT,Total including LUCF,All GHG,MtCO₂e,3.31,3.23,3.19,3.15,3.12,2.97,2.89,2.79,3.09,3.01,2.64,2.46,2.39,2.27,2.4,2.49,2.57,2.79,3.31,3.66,3.72,3.99,4.3,4.63,5.1,5.56,5.44,5.32,5.16
Eswatini,CAIT,Total including LUCF,All GHG,MtCO₂e,3.0,2.93,3.09,2.88,2.83,3.41,2.9,2.84,2.82,2.79,2.88,2.99,2.77,2.87,2.83,2.82,2.78,2.74,2.93,3.02,2.99,2.89,2.56,2.68,2.68,2.32,2.6,2.65,2.61
Bahamas,CAIT,Total including LUCF,All GHG,MtCO₂e,2.65,2.61,2.6,2.76,3.0,3.53,4.0,2.82,2.42,6.38,2.48,2.38,2.34,2.36,2.5,2.53,2.56,2.4,2.52,2.58,2.62,2.1,2.3,2.36,2.3,2.37,2.8,2.14,2.04
Maldives,CAIT,Total including LUCF,All GHG,MtCO₂e,2.38,2.23,2.12,1.66,1.65,1.39,1.38,1.22,1.14,1.08,1.02,1.01,1.0,0.84,0.86,0.64,0.72,0.59,0.56,0.52,0.4,0.42,0.35,0.33,0.27,0.26,0.28,0.21,0.21
Grenada,CAIT,Total including LUCF,All GHG,MtCO₂e,2.36,2.33,2.31,2.29,2.26,2.32,2.41,2.27,2.26,2.77,2.24,2.21,2.19,2.16,2.14,2.15,2.13,2.1,2.07,2.07,2.06,2.02,1.99,1.96,1.93,1.91,1.92,1.86,1.84
Malta,CAIT,Total including LUCF,All GHG,MtCO₂e,2.03,2.01,1.86,2.16,2.84,2.83,3.16,2.98,2.99,2.89,3.08,3.14,3.05,2.97,2.92,2.92,2.62,2.78,2.41,2.67,2.63,2.73,2.57,2.62,2.76,3.05,2.41,2.43,2.52
Djibouti,CAIT,Total including LUCF,All GHG,MtCO₂e,1.48,1.46,1.47,1.52,1.43,1.52,1.46,1.42,1.46,1.4,1.41,1.4,1.36,1.36,1.32,1.33,1.31,1.28,1.27,1.23,1.19,1.18,1.15,1.1,1.05,1.04,1.02,1.01,0.99
Antigua and Barbuda,CAIT,Total including LUCF,All GHG,MtCO₂e,1.21,1.16,1.13,1.1,1.07,1.06,1.29,1.07,1.04,1.93,0.97,0.92,0.86,0.79,0.76,0.75,0.71,0.65,0.61,0.59,0.57,0.52,0.49,0.46,0.43,0.43,0.45,0.37,0.36
Bhutan,CAIT,Total including LUCF,All GHG,MtCO₂e,1.16,1.11,1.01,0.77,0.74,0.67,0.62,0.48,-4.99,-5.14,-5.16,-5.03,-5.11,-5.09,-5.28,-5.25,-5.21,-5.24,-5.18,-5.13,-5.19,-5.2,-5.29,-5.32,-5.42,-5.45,-5.42,-5.41,-5.46
Vanuatu,CAIT,Total including LUCF,All GHG,MtCO₂e,0.87,0.86,0.86,0.81,0.82,0.76,0.76,0.76,0.74,0.72,0.73,0.73,0.6,0.6,0.58,0.59,0.57,0.57,0.59,0.61,0.6,0.6,0.59,0.57,0.56,0.56,0.53,0.51,0.5
Samoa,CAIT,Total including LUCF,All GHG,MtCO₂e,0.8,0.78,0.77,0.73,0.68,0.66,0.65,0.65,0.63,0.62,0.6,0.61,0.61,0.61,0.59,0.58,0.57,0.57,0.55,0.54,0.54,0.53,0.53,0.52,0.52,0.48,0.47,0.47,0.47
Seychelles,CAIT,Total including LUCF,All GHG,MtCO₂e,0.78,0.74,0.69,0.65,0.6,0.54,0.57,0.52,0.56,0.62,0.81,0.75,0.84,0.79,0.85,0.65,0.63,0.73,0.67,0.61,0.52,0.43,0.32,0.28,0.28,0.26,0.24,0.24,0.22
Cape Verde,CAIT,Total including LUCF,All GHG,MtCO₂e,0.77,0.73,0.71,0.66,0.65,0.65,0.67,0.7,0.71,0.67,0.62,0.6,0.64,0.58,0.47,0.43,0.4,0.37,-0.11,-0.13,-0.17,-0.2,-0.21,-0.2,-0.23,-0.22,-0.22,-0.26,-0.27
Comoros,CAIT,Total including LUCF,All GHG,MtCO₂e,0.65,0.64,0.6,0.57,0.55,0.55,0.52,0.51,0.5,0.46,0.45,0.42,0.47,0.47,0.45,0.43,0.41,0.4,0.38,0.4,0.39,0.37,0.37,0.36,0.36,0.35,0.34,0.34,0.34
Andorra,CAIT,Total including LUCF,All GHG,MtCO₂e,0.59,0.59,0.59,0.58,0.58,0.59,0.6,0.6,0.63,0.62,0.64,0.64,0.64,0.66,0.64,0.61,0.6,0.59,0.59,0.57,0.54,0.51,0.49,0.46,0.44,0.44,0.43,0.43,0.43
Saint Lucia,CAIT,Total including LUCF,All GHG,MtCO₂e,0.59,0.57,0.54,0.56,0.54,0.49,0.69,0.54,0.58,1.22,0.49,0.47,0.56,0.53,0.56,0.56,0.52,0.56,0.49,0.58,0.66,0.75,0.82,0.89,0.93,0.88,0.88,0.77,0.75
Sao Tome and Principe,CAIT,Total including LUCF,All GHG,MtCO₂e,0.41,0.4,0.39,0.39,0.38,0.39,0.38,0.36,0.16,0.15,0.14,0.13,0.13,0.13,0.13,0.12,0.11,0.11,0.11,0.11,0.11,0.11,0.11,0.11,0.11,0.1,0.1,0.1,0.1
Saint Kitts and Nevis,CAIT,Total including LUCF,All GHG,MtCO₂e,0.37,0.35,0.35,0.35,0.34,0.33,0.45,0.37,0.35,0.81,0.35,0.35,0.33,0.32,0.33,0.32,0.32,0.3,0.28,0.27,0.27,0.25,0.24,0.24,0.23,0.22,0.23,0.19,0.19
Saint Vincent and the Grenadines,CAIT,Total including LUCF,All GHG,MtCO₂e,0.37,0.35,0.35,0.3,0.37,0.3,0.48,0.31,0.33,1.07,0.3,0.38,0.33,0.33,0.33,0.31,0.31,0.29,0.2,0.22,0.23,0.19,0.18,0.18,0.17,0.15,0.15,0.11,0.11
Tonga,CAIT,Total including LUCF,All GHG,MtCO₂e,0.35,0.34,0.31,0.27,0.27,0.26,0.26,0.25,0.26,0.28,0.27,0.27,0.29,0.28,0.27,0.26,0.24,0.23,0.24,0.26,0.24,0.25,0.24,0.26,0.27,0.26,0.25,0.27,0.25
Palau,CAIT,Total including LUCF,All GHG,MtCO₂e,0.32,0.3,0.29,0.25,0.25,0.24,0.24,0.24,0.23,0.22,0.23,0.26,0.27,0.28,0.25,0.23,0.23,0.23,0.23,0.22,0.22,0.22,0.21,0.21,0.21,0.21,0.21,0.01,N/A
Fiji,CAIT,Total including LUCF,All GHG,MtCO₂e,0.28,0.19,0.07,-0.17,0.2,-0.04,-0.2,-0.18,-0.18,-0.34,-0.34,-0.05,0.05,-0.02,0.17,-0.24,-0.37,-0.21,-0.47,-0.5,-0.47,-0.43,-0.43,-0.48,-0.54,-0.59,-0.65,-0.7,-0.72
Micronesia,CAIT,Total including LUCF,All GHG,MtCO₂e,0.24,0.23,0.22,0.2,0.19,0.19,0.18,0.17,0.16,0.18,0.16,0.18,0.18,0.2,0.2,0.2,0.18,0.19,0.17,0.17,0.17,0.16,0.16,0.16,0.1,0.09,0.09,-0.02,N/A
Marshall Islands,CAIT,Total including LUCF,All GHG,MtCO₂e,0.24,0.22,0.22,0.19,0.19,0.18,0.18,0.18,0.18,0.17,0.17,0.18,0.17,0.17,0.16,0.15,0.15,0.14,0.13,0.13,0.13,0.12,0.12,0.12,0.12,0.11,0.11,0.03,N/A
Dominica,CAIT,Total including LUCF,All GHG,MtCO₂e,0.23,0.22,0.24,0.24,0.24,0.23,0.31,0.23,0.24,0.56,0.24,0.24,0.23,0.22,0.21,0.19,0.18,0.21,0.26,0.25,0.25,0.25,0.24,0.27,0.26,0.26,0.26,0.24,0.24
Liechtenstein,CAIT,Total including LUCF,All GHG,MtCO₂e,0.18,0.19,0.19,0.19,0.2,0.23,0.22,0.21,0.26,0.27,0.29,0.27,0.29,0.29,0.29,0.29,0.28,0.27,0.27,0.28,0.28,0.27,0.26,0.25,0.25,0.26,0.26,0.25,0.25
Kiribati,CAIT,Total including LUCF,All GHG,MtCO₂e,0.11,0.1,0.1,0.09,0.09,0.09,0.08,0.08,0.08,0.08,0.09,0.08,0.1,0.09,0.08,0.07,0.06,0.05,0.05,0.05,0.05,0.05,0.05,0.05,0.04,0.05,0.04,0.04,0.04
Cook Islands,CAIT,Total including LUCF,All GHG,MtCO₂e,0.1,0.09,0.09,0.08,0.08,0.08,0.08,0.08,0.07,0.07,0.07,0.07,0.07,0.07,0.06,0.06,0.05,0.06,0.04,0.05,0.05,0.05,0.04,0.04,0.03,0.03,0.03,0.03,0.03
Nauru,CAIT,Total including LUCF,All GHG,MtCO₂e,0.08,0.07,0.07,0.06,0.06,0.05,0.05,0.05,0.05,0.05,0.05,0.05,0.05,0.08,0.07,0.08,0.08,0.09,0.09,0.1,0.11,0.11,0.11,0.11,0.12,0.12,0.13,0.13,0.13
Tuvalu,CAIT,Total including LUCF,All GHG,MtCO₂e,0.03,0.03,0.02,0.02,0.02,0.02,0.02,0.02,0.02,0.02,0.02,0.02,0.02,0.02,0.02,0.02,0.02,0.02,0.02,0.02,0.02,0.02,0.02,0.02,0.02,0.02,0.02,0.02,0.02
Niue,CAIT,Total including LUCF,All GHG,MtCO₂e,0.01,0.01,0.01,0.01,0.01,0.0,0.0,0.0,0.01,0.01,0.01,0.01,0.01,0.01,0.01,0.01,0.01,0.01,0.01,0.01,0.01,0.01,0.01,0.01,0.01,0.01,0.01,0.01,0.01
