"Region","Year","Total CO2 emissions from fossil-fuels and cement production (thousand metric tons of C)","Emissions from solid fuel consumption","Emissions from liquid fuel consumption","Emissions from gas fuel consumption","Emissions from cement production","Emissions from gas flaring","Per capita CO2 emissions (metric tons of carbon)"
(Note: missing values denoted by ".")
Source: Tom Boden and Bob Andres (Oak Ridge National Laboratory); Gregg Marland (Appalachian State University)
DOI: 10.3334/CDIAC/00001_V2017
"Africa",1884,6,6,0,0,0,0,.
"Africa",1885,10,10,0,0,0,0,.
"Africa",1886,13,13,0,0,0,0,.
"Africa",1887,13,13,0,0,0,0,.
"Africa",1888,22,22,0,0,0,0,.
"Africa",1889,36,36,0,0,0,0,.
"Africa",1890,81,81,0,0,0,0,.
"Africa",1891,81,81,0,0,0,0,.
"Africa",1892,131,131,0,0,0,0,.
"Africa",1893,491,491,0,0,0,0,.
"Africa",1894,664,664,0,0,0,0,.
"Africa",1895,911,911,0,0,0,0,.
"Africa",1896,1162,1162,0,0,0,0,.
"Africa",1897,1304,1304,0,0,0,0,.
"Africa",1898,1651,1651,0,0,0,0,.
"Africa",1899,1506,1506,0,0,0,0,.
"Africa",1900,636,636,0,0,0,0,.
"Africa",1901,1067,1067,0,0,0,0,.
"Africa",1902,1590,1590,0,0,0,0,.
"Africa",1903,2155,2155,0,0,0,0,.
"Africa",1904,2433,2433,0,0,0,0,.
"Africa",1905,2800,2800,0,0,0,0,.
"Africa",1906,3198,3198,0,0,0,0,.
"Africa",1907,3529,3529,0,0,0,0,.
"Africa",1908,3658,3658,0,0,0,0,.
"Africa",1909,4199,4199,0,0,0,0,.
"Africa",1910,4752,4752,0,0,0,0,.
"Africa",1911,4603,4600,3,0,0,0,.
"Africa",1912,4900,4877,23,0,0,0,.
"Africa",1913,5351,5340,11,0,0,0,.
"Africa",1914,5336,5252,84,0,0,0,.
"Africa",1915,5351,5326,25,0,0,0,.
"Africa",1916,6346,6297,49,0,0,0,.
"Africa",1917,6917,6802,116,0,0,0,.
"Africa",1918,6749,6512,237,0,0,0,.
"Africa",1919,6945,6756,188,0,0,0,.
"Africa",1920,7656,7531,125,0,0,0,.
"Africa",1921,7638,7485,153,0,0,0,.
"Africa",1922,6543,6397,146,0,0,0,.
"Africa",1923,7928,7799,129,0,0,0,.
"Africa",1924,8360,8222,138,0,0,0,.
"Africa",1925,8783,8631,152,0,0,0,.
"Africa",1926,9399,9253,146,0,0,0,.
"Africa",1927,9235,9080,156,0,0,0,.
"Africa",1928,9490,9229,225,0,35,0,.
"Africa",1929,9773,9441,230,0,101,0,.
"Africa",1930,9198,8885,240,0,72,0,.
"Africa",1931,8043,7726,243,0,74,0,.
"Africa",1932,7268,6920,228,0,120,0,.
"Africa",1933,7779,7449,201,0,129,0,.
"Africa",1934,8881,8547,186,0,147,0,.
"Africa",1935,9802,9483,152,0,166,0,.
"Africa",1936,10651,10308,153,0,189,0,.
"Africa",1937,11421,11075,146,0,200,0,.
"Africa",1938,12015,11615,192,0,208,0,.
"Africa",1939,12789,11996,562,30,201,0,.
"Africa",1940,13551,12564,782,25,180,0,.
"Africa",1941,14747,13495,1027,27,198,0,.
"Africa",1942,16056,14821,994,29,212,0,.
"Africa",1943,16410,15075,1080,32,222,0,.
"Africa",1944,18190,16751,1137,36,266,0,.
"Africa",1945,18431,17003,1133,37,259,0,.
"Africa",1946,18605,17178,1076,37,315,0,.
"Africa",1947,18546,17037,1119,37,352,0,.
"Africa",1948,19581,17566,1586,38,391,0,.
"Africa",1949,21112,18715,1931,38,428,0,.
"Africa",1950,25912,18831,6518,1,562,0,0.1
"Africa",1951,27621,19861,7128,1,631,0,0.11
"Africa",1952,30138,21672,7812,2,651,0,0.11
"Africa",1953,30589,21581,8271,4,733,0,0.11
"Africa",1954,32107,22324,8929,7,847,0,0.12
"Africa",1955,35352,25028,9362,7,955,0,0.13
"Africa",1956,36916,26098,9823,7,987,0,0.13
"Africa",1957,38688,27109,10540,5,1033,0,0.13
"Africa",1958,40603,28155,11346,5,1097,0,0.13
"Africa",1959,40379,27760,11458,9,1152,0,0.13
"Africa",1960,42761,28261,13278,13,1210,0,0.13
"Africa",1961,44245,28661,14266,135,1183,0,0.14
"Africa",1962,45428,29113,14885,202,1227,0,0.14
"Africa",1963,48166,29800,16537,196,1320,313,0.14
"Africa",1964,52891,31552,18967,396,1463,512,0.15
"Africa",1965,58361,34087,20780,579,1566,1350,0.16
"Africa",1966,60414,33800,22931,644,1622,1417,0.16
"Africa",1967,64806,34692,22139,633,1676,5666,0.17
"Africa",1968,70325,36161,23482,645,1938,8098,0.18
"Africa",1969,75986,36894,25611,789,2231,10460,0.19
"Africa",1970,82760,38236,26885,222,2423,14993,0.2
"Africa",1971,90762,40914,31494,462,2614,15278,0.23
"Africa",1972,96242,42009,32612,1205,2771,17645,0.23
"Africa",1973,103397,42110,35053,1462,2937,21835,0.24
"Africa",1974,106249,42916,36667,1394,3066,22206,0.24
"Africa",1975,105890,44268,39297,1752,3021,17552,0.24
"Africa",1976,114918,46917,41230,2426,3110,21234,0.25
"Africa",1977,118446,48223,43668,3692,3335,19529,0.25
"Africa",1978,126546,48767,45272,9400,3539,19568,0.26
"Africa",1979,136596,53865,49613,5366,3811,23942,0.27
"Africa",1980,146753,57970,54185,9451,4336,20810,0.28
"Africa",1981,150302,64777,58446,8025,4714,14341,0.28
"Africa",1982,156662,68294,64518,6547,5036,12268,0.29
"Africa",1983,162889,71217,66615,8303,5486,11267,0.29
"Africa",1984,177874,78072,68683,12983,5700,12436,0.31
"Africa",1985,182408,80431,68945,13332,5671,14029,0.31
"Africa",1986,188939,83455,69649,15928,5436,14470,0.31
"Africa",1987,189016,85295,67034,18523,5920,12244,0.3
"Africa",1988,198700,88079,71937,18818,6428,13437,0.31
"Africa",1989,191394,85558,73618,19488,6712,6018,0.29
"Africa",1990,180457,80813,66380,20730,6812,5722,0.27
"Africa",1991,188460,83800,70215,21417,7304,5723,0.27
"Africa",1992,183829,78880,70737,20299,7494,6419,0.26
"Africa",1993,194731,87163,71776,22359,7441,5993,0.29
"Africa",1994,197893,90402,70243,23416,7837,5995,0.26
"Africa",1995,213042,94831,75435,27774,8380,6621,0.28
"Africa",1996,218087,96515,76907,29537,8589,6538,0.28
"Africa",1997,223516,98589,83568,26053,8876,6430,0.28
"Africa",1998,229718,97158,86336,30821,9092,6310,0.28
"Africa",1999,227791,100140,80520,31282,9367,6482,0.27
"Africa",2000,243380,101006,85809,31578,9858,15129,0.28
"Africa",2001,242034,101485,81351,32910,10446,15841,0.27
"Africa",2002,243540,98512,78567,36866,11089,18507,0.27
"Africa",2003,264749,106650,89789,39988,11178,17144,0.29
"Africa",2004,284433,113911,96845,41326,12322,20030,0.3
"Africa",2005,287897,112613,91763,50044,13485,19990,0.3
"Africa",2006,299083,114339,101139,49007,15046,19553,0.32
"Africa",2007,311256,117408,104053,52845,16499,20451,0.33
"Africa",2008,325814,124035,111280,53387,17855,19258,0.33
"Africa",2009,328568,120941,119572,52682,19193,16181,0.32
"Africa",2010,330422,120509,118077,55102,19580,17155,0.32
"Africa",2011,331899,118365,118080,60536,19812,15107,0.31
"Africa",2012,338111,117367,119198,63606,22383,15557,0.31
"Africa",2013,342699,115764,125427,63855,22943,14710,0.3
"Africa",2014,353814,124526,122954,67972,23631,14731,0.31
"Developing America",1884,1,0,1,0,0,0,.
"Developing America",1885,1,0,1,0,0,0,.
"Developing America",1886,2,0,2,0,0,0,.
"Developing America",1887,298,296,2,0,0,0,.
"Developing America",1888,245,243,2,0,0,0,.
"Developing America",1889,480,479,2,0,0,0,.
"Developing America",1890,377,374,3,0,0,0,.
"Developing America",1891,411,399,13,0,0,0,.
"Developing America",1892,554,536,18,0,0,0,.
"Developing America",1893,582,569,13,0,0,0,.
"Developing America",1894,702,691,11,0,0,0,.
"Developing America",1895,908,897,11,0,0,0,.
"Developing America",1896,945,934,11,0,0,0,.
"Developing America",1897,940,930,11,0,0,0,.
"Developing America",1898,1067,1051,17,0,0,0,.
"Developing America",1899,1219,1197,23,0,0,0,.
"Developing America",1900,1136,1105,32,0,0,0,.
"Developing America",1901,2106,2071,34,0,0,0,.
"Developing America",1902,2403,2372,31,0,0,0,.
"Developing America",1903,2521,2481,39,0,0,0,.
"Developing America",1904,2834,2786,49,0,0,0,.
"Developing America",1905,2980,2908,72,0,0,0,.
"Developing America",1906,3889,3769,120,0,0,0,.
"Developing America",1907,4079,3867,213,0,0,0,.
"Developing America",1908,5092,4516,576,0,0,0,.
"Developing America",1909,4674,4173,502,0,0,0,.
"Developing America",1910,5858,5262,596,0,0,0,.
"Developing America",1911,7557,5789,1768,0,0,0,.
"Developing America",1912,7866,5762,2104,0,0,0,.
"Developing America",1913,9031,5828,3202,0,0,0,.
"Developing America",1914,7541,4845,2694,1,0,0,.
"Developing America",1915,8115,3976,4135,3,0,0,.
"Developing America",1916,8520,3450,5066,4,0,0,.
"Developing America",1917,10241,2728,7506,7,0,0,.
"Developing America",1918,11574,2924,8642,8,0,0,.
"Developing America",1919,14911,3374,11528,8,0,0,.
"Developing America",1920,25096,3812,21273,10,0,0,.
"Developing America",1921,28854,3600,25240,13,0,0,.
"Developing America",1922,28301,4108,24175,17,0,0,.
"Developing America",1923,25385,4840,20524,21,0,0,.
"Developing America",1924,25616,5663,19918,35,0,0,.
"Developing America",1925,23311,5651,17295,366,0,0,.
"Developing America",1926,23258,5422,17757,80,0,0,.
"Developing America",1927,20469,5906,14492,71,0,0,.
"Developing America",1928,23917,5592,18150,81,95,0,.
"Developing America",1929,26315,5857,19755,585,118,0,.
"Developing America",1930,26289,5633,20290,277,89,0,.
"Developing America",1931,22626,4377,17850,286,113,0,.
"Developing America",1932,23223,3998,18465,632,128,0,.
"Developing America",1933,25336,4408,19659,1128,141,0,.
"Developing America",1934,28527,4916,22591,838,183,0,.
"Developing America",1935,32186,5523,25202,1202,259,0,.
"Developing America",1936,33039,5604,25894,1243,298,0,.
"Developing America",1937,40200,6140,31779,1917,364,0,.
"Developing America",1938,40541,5880,32199,2045,416,0,.
"Developing America",1939,39506,5719,32104,1255,427,0,.
"Developing America",1940,37923,5363,30722,1389,449,0,.
"Developing America",1941,41041,4599,34297,1638,506,0,.
"Developing America",1942,31932,4406,25470,1556,501,0,.
"Developing America",1943,38519,4705,31923,1399,492,0,.
"Developing America",1944,44763,4525,38116,1582,540,0,.
"Developing America",1945,49052,4794,42042,1639,577,0,.
"Developing America",1946,69995,5192,62388,1782,633,0,.
"Developing America",1947,58621,5726,50118,2054,723,0,.
"Developing America",1948,61710,6240,52733,1971,765,0,.
"Developing America",1949,31066,5392,22675,2133,866,0,.
"Developing America",1950,44282,5485,28148,1331,993,8326,0.27
"Developing America",1951,52206,6464,32572,1933,1090,10146,0.31
"Developing America",1952,54489,6146,34097,2221,1196,10829,0.31
"Developing America",1953,54417,5792,34946,2412,1317,9951,0.3
"Developing America",1954,59336,6133,38550,2644,1458,10551,0.32
"Developing America",1955,65210,6236,43186,2846,1627,11315,0.34
"Developing America",1956,70712,6341,47013,3073,1846,12439,0.36
"Developing America",1957,75952,6157,50610,3544,2003,13638,0.38
"Developing America",1958,74505,6216,49088,4295,2075,12831,0.36
"Developing America",1959,80829,6201,54962,4813,2142,12711,0.38
"Developing America",1960,81596,6674,55279,5662,2262,11719,0.37
"Developing America",1961,83500,6736,56732,6800,2415,10818,0.37
"Developing America",1962,88633,6830,59304,8400,2565,11534,0.38
"Developing America",1963,88663,7061,59196,8855,2643,10907,0.37
"Developing America",1964,95657,7205,63619,10133,2967,11733,0.39
"Developing America",1965,98550,7235,65174,11322,3092,11727,0.39
"Developing America",1966,103352,7493,68156,12281,3330,12092,0.4
"Developing America",1967,111396,8233,72811,13609,3473,13270,0.42
"Developing America",1968,118438,8513,78897,14088,3957,12983,0.44
"Developing America",1969,128715,9131,87389,14243,4179,13772,0.47
"Developing America",1970,142068,8552,96661,16192,4693,15971,0.5
"Developing America",1971,149047,8840,103968,16580,4941,14718,0.51
"Developing America",1972,156237,8946,110679,17643,5570,13399,0.52
"Developing America",1973,170634,9639,121592,19799,6191,13413,0.56
"Developing America",1974,179880,10505,130686,20505,6586,11599,0.58
"Developing America",1975,182103,10900,134659,20716,6984,8844,0.57
"Developing America",1976,193688,11088,144401,20577,7534,10088,0.59
"Developing America",1977,199586,12441,148706,22194,7895,8351,0.59
"Developing America",1978,214079,14287,157317,24899,8479,9098,0.62
"Developing America",1979,229158,15366,166995,28935,9260,8602,0.65
"Developing America",1980,240408,13795,176363,31527,10106,8617,0.67
"Developing America",1981,237910,13116,173686,32425,10215,8468,0.65
"Developing America",1982,244425,13743,174775,35298,10166,10442,0.65
"Developing America",1983,233229,14845,163256,37016,8990,9122,0.61
"Developing America",1984,237329,16497,164306,38629,9170,8727,0.61
"Developing America",1985,244632,18877,168118,39694,9572,8370,0.61
"Developing America",1986,250054,19022,173468,39459,10482,7623,0.61
"Developing America",1987,262521,20567,181178,41548,11310,7917,0.63
"Developing America",1988,268927,21004,185062,43824,11458,7577,0.64
"Developing America",1989,285282,22431,190196,54990,11096,6569,0.66
"Developing America",1990,274865,22350,188179,46709,11368,6260,0.63
"Developing America",1991,279564,22715,190507,48624,11688,6030,0.62
"Developing America",1992,284836,22205,201847,42824,11774,6187,0.63
"Developing America",1993,295635,23520,205843,46483,12240,7549,0.64
"Developing America",1994,306292,25023,209383,50781,13120,7984,0.65
"Developing America",1995,309296,26465,206003,55477,13036,8316,0.65
"Developing America",1996,324055,28471,211103,61594,14150,8736,0.67
"Developing America",1997,341848,29767,221971,65608,15424,9078,0.69
"Developing America",1998,361835,30447,235966,72539,15931,6952,0.72
"Developing America",1999,368802,29386,243430,74690,16096,5199,0.72
"Developing America",2000,367661,29597,238196,74914,16672,8281,0.71
"Developing America",2001,376336,29095,246041,78131,16135,6934,0.72
"Developing America",2002,380764,29794,247206,81222,15743,6799,0.72
"Developing America",2003,390141,34031,247701,86004,15732,6673,0.72
"Developing America",2004,392857,32746,243378,93821,15977,6936,0.72
"Developing America",2005,413565,35968,254825,96034,17750,8989,0.75
"Developing America",2006,425924,37164,257135,103713,19822,8091,0.76
"Developing America",2007,433701,36707,261674,103620,20407,11293,0.76
"Developing America",2008,455349,37250,274404,106576,21285,15835,0.79
"Developing America",2009,445751,33204,269083,106377,20629,16459,0.76
"Developing America",2010,468629,41444,277402,114833,21696,13254,0.79
"Developing America",2011,478709,46137,281391,117110,23204,10866,0.79
"Developing America",2012,498208,44052,295298,123342,24388,11127,0.82
"Developing America",2013,505786,46368,297414,123134,24780,14091,0.82
"Developing America",2014,515865,49073,300503,126252,25217,14820,0.83
"Centrally Planned Asia",1892,58,58,0,0,0,0,.
"Centrally Planned Asia",1893,181,181,0,0,0,0,.
"Centrally Planned Asia",1894,83,83,0,0,0,0,.
"Centrally Planned Asia",1895,49,49,0,0,0,0,.
"Centrally Planned Asia",1896,99,99,0,0,0,0,.
"Centrally Planned Asia",1897,143,143,0,0,0,0,.
"Centrally Planned Asia",1898,179,179,0,0,0,0,.
"Centrally Planned Asia",1899,226,226,0,0,0,0,.
"Centrally Planned Asia",1900,140,140,0,0,0,0,.
"Centrally Planned Asia",1901,137,137,0,0,0,0,.
"Centrally Planned Asia",1902,134,134,0,0,0,0,.
"Centrally Planned Asia",1903,688,688,0,0,0,0,.
"Centrally Planned Asia",1904,789,789,0,0,0,0,.
"Centrally Planned Asia",1905,847,847,0,0,0,0,.
"Centrally Planned Asia",1906,4898,4898,0,0,0,0,.
"Centrally Planned Asia",1907,4828,4828,0,0,0,0,.
"Centrally Planned Asia",1908,6455,6455,0,0,0,0,.
"Centrally Planned Asia",1909,6009,6009,0,0,0,0,.
"Centrally Planned Asia",1910,5532,5532,0,0,0,0,.
"Centrally Planned Asia",1911,7980,7980,0,0,0,0,.
"Centrally Planned Asia",1912,3062,3062,0,0,0,0,.
"Centrally Planned Asia",1913,3397,3397,0,0,0,0,.
"Centrally Planned Asia",1914,4704,4704,0,0,0,0,.
"Centrally Planned Asia",1915,5022,5022,0,0,0,0,.
"Centrally Planned Asia",1916,5537,5537,0,0,0,0,.
"Centrally Planned Asia",1917,5891,5891,0,0,0,0,.
"Centrally Planned Asia",1918,6341,6341,0,0,0,0,.
"Centrally Planned Asia",1919,7263,7263,0,0,0,0,.
"Centrally Planned Asia",1920,8022,8022,0,0,0,0,.
"Centrally Planned Asia",1921,7794,7794,0,0,0,0,.
"Centrally Planned Asia",1922,8216,8216,0,0,0,0,.
"Centrally Planned Asia",1923,9816,9816,0,0,0,0,.
"Centrally Planned Asia",1924,10761,10761,0,0,0,0,.
"Centrally Planned Asia",1925,10515,10515,0,0,0,0,.
"Centrally Planned Asia",1926,9504,9503,2,0,0,0,.
"Centrally Planned Asia",1927,10743,10741,3,0,0,0,.
"Centrally Planned Asia",1928,11347,11310,3,0,34,0,.
"Centrally Planned Asia",1929,11908,11855,3,0,50,0,.
"Centrally Planned Asia",1930,12429,12340,42,0,47,0,.
"Centrally Planned Asia",1931,12936,12833,51,0,53,0,.
"Centrally Planned Asia",1932,12598,12490,59,0,49,0,.
"Centrally Planned Asia",1933,13632,13507,73,0,52,0,.
"Centrally Planned Asia",1934,15870,15715,77,0,78,0,.
"Centrally Planned Asia",1935,18501,18255,118,0,129,0,.
"Centrally Planned Asia",1936,21083,20707,139,0,237,0,.
"Centrally Planned Asia",1937,20086,19659,162,0,265,0,.
"Centrally Planned Asia",1938,19304,19037,228,0,39,0,.
"Centrally Planned Asia",1939,23497,22897,322,0,278,0,.
"Centrally Planned Asia",1940,29505,28888,490,0,127,0,.
"Centrally Planned Asia",1941,35735,34800,555,0,380,0,.
"Centrally Planned Asia",1942,37120,36038,684,0,399,0,.
"Centrally Planned Asia",1943,32274,31597,260,0,417,0,.
"Centrally Planned Asia",1944,32339,31874,168,0,297,0,.
"Centrally Planned Asia",1945,13928,13757,147,0,25,0,.
"Centrally Planned Asia",1946,8751,8639,59,0,54,0,.
"Centrally Planned Asia",1947,9381,9256,44,0,82,0,.
"Centrally Planned Asia",1948,7166,7065,61,0,40,0,.
"Centrally Planned Asia",1949,16967,16787,99,0,82,0,.
"Centrally Planned Asia",1950,22160,21646,381,4,129,0,0.04
"Centrally Planned Asia",1951,28465,27714,523,2,226,0,0.05
"Centrally Planned Asia",1952,35829,34733,652,4,440,0,0.06
"Centrally Planned Asia",1953,37636,36137,883,6,609,0,0.06
"Centrally Planned Asia",1954,46181,44060,1384,8,729,0,0.07
"Centrally Planned Asia",1955,55226,52531,1984,9,702,0,0.08
"Centrally Planned Asia",1956,62476,58735,2750,13,977,0,0.09
"Centrally Planned Asia",1957,74039,69851,3074,36,1077,0,0.11
"Centrally Planned Asia",1958,149338,143663,4145,58,1472,0,0.22
"Centrally Planned Asia",1959,204416,196264,6017,152,1983,0,0.29
"Centrally Planned Asia",1960,221797,211988,7063,544,2202,0,0.31
"Centrally Planned Asia",1961,160325,151075,7022,769,1458,0,0.22
"Centrally Planned Asia",1962,131552,122491,6954,634,1474,0,0.18
"Centrally Planned Asia",1963,130975,121224,7446,534,1771,0,0.18
"Centrally Planned Asia",1964,132649,121010,9204,554,1881,0,0.18
"Centrally Planned Asia",1965,145996,132087,11382,576,1951,0,0.19
"Centrally Planned Asia",1966,161328,143133,15539,701,1956,0,0.21
"Centrally Planned Asia",1967,139302,120548,16416,764,1574,0,0.17
"Centrally Planned Asia",1968,151175,130332,18421,733,1688,0,0.18
"Centrally Planned Asia",1969,183024,155779,24369,1026,1851,0,0.21
"Centrally Planned Asia",1970,238947,203091,32331,1502,2022,0,0.27
"Centrally Planned Asia",1971,275909,231513,38331,1958,3892,216,0.31
"Centrally Planned Asia",1972,285660,235471,43446,2533,3931,279,0.31
"Centrally Planned Asia",1973,298486,241685,49013,3130,4314,345,0.32
"Centrally Planned Asia",1974,303400,240985,53696,3941,4332,446,0.31
"Centrally Planned Asia",1975,348846,278990,59553,4632,5151,520,0.36
"Centrally Planned Asia",1976,361251,280564,67103,5286,7778,520,0.36
"Centrally Planned Asia",1977,393900,306033,72281,6342,8649,595,0.39
"Centrally Planned Asia",1978,434094,336479,79731,7174,9963,747,0.42
"Centrally Planned Asia",1979,443964,345171,79113,7581,11262,836,0.43
"Centrally Planned Asia",1980,437777,339381,78058,7456,12060,822,0.41
"Centrally Planned Asia",1981,433780,340033,73736,6662,12615,734,0.41
"Centrally Planned Asia",1982,469798,374512,74299,6261,14037,689,0.43
"Centrally Planned Asia",1983,496049,396776,76155,6433,15956,729,0.45
"Centrally Planned Asia",1984,538350,434940,78168,6643,17721,877,0.48
"Centrally Planned Asia",1985,584033,474143,82431,6794,20665,0,0.51
"Centrally Planned Asia",1986,616100,496849,88064,7213,23974,0,0.53
"Centrally Planned Asia",1987,660673,532415,94324,7281,26654,0,0.56
"Centrally Planned Asia",1988,710714,572328,100417,7469,30438,61,0.59
"Centrally Planned Asia",1989,723003,580997,103287,7871,30692,156,0.59
"Centrally Planned Asia",1990,708422,573906,95382,7999,31136,0,0.57
"Centrally Planned Asia",1991,741203,594052,101780,8401,36970,0,0.59
"Centrally Planned Asia",1992,771082,607503,110534,8253,44792,0,0.61
"Centrally Planned Asia",1993,820153,635564,121911,9751,52926,0,0.64
"Centrally Planned Asia",1994,867407,675514,120305,11345,60243,0,0.67
"Centrally Planned Asia",1995,938154,725841,132770,11698,67844,0,0.72
"Centrally Planned Asia",1996,976018,748468,145219,12308,70024,0,0.74
"Centrally Planned Asia",1997,978501,736052,158432,12364,71653,0,0.73
"Centrally Planned Asia",1998,937738,689513,159254,14301,74670,0,0.69
"Centrally Planned Asia",1999,937507,672680,169431,15483,79913,0,0.69
"Centrally Planned Asia",2000,964273,678890,184588,17156,83640,0,0.7
"Centrally Planned Asia",2001,989587,689484,188275,19030,92798,0,0.72
"Centrally Planned Asia",2002,1090425,784951,187403,15855,102216,0,0.78
"Centrally Planned Asia",2003,1281148,933998,207851,18000,121299,0,0.91
"Centrally Planned Asia",2004,1473957,1076129,239666,21910,136251,0,1.05
"Centrally Planned Asia",2005,1657822,1239207,242520,25752,150344,0,1.17
"Centrally Planned Asia",2006,1832107,1372014,255211,31377,173504,0,1.29
"Centrally Planned Asia",2007,1966719,1472280,264663,38753,191023,0,1.36
"Centrally Planned Asia",2008,2114599,1595973,277232,44644,196750,0,1.45
"Centrally Planned Asia",2009,2239820,1678350,281280,49066,231124,0,1.55
"Centrally Planned Asia",2010,2454064,1825389,313022,59398,256255,0,1.68
"Centrally Planned Asia",2011,2714818,2027770,321164,71580,294304,0,1.85
"Centrally Planned Asia",2012,2794130,2069562,334861,80665,309043,0,1.9
"Centrally Planned Asia",2013,2857921,2078153,350569,92480,336719,0,1.93
"Centrally Planned Asia",2014,2868887,2059801,359056,101853,348176,0,1.93
"Centrally Planned Europe",1800,111,111,0,0,0,0,.
"Centrally Planned Europe",1801,121,121,0,0,0,0,.
"Centrally Planned Europe",1802,123,123,0,0,0,0,.
"Centrally Planned Europe",1803,126,126,0,0,0,0,.
"Centrally Planned Europe",1804,125,125,0,0,0,0,.
"Centrally Planned Europe",1805,156,156,0,0,0,0,.
"Centrally Planned Europe",1806,142,142,0,0,0,0,.
"Centrally Planned Europe",1807,103,103,0,0,0,0,.
"Centrally Planned Europe",1808,137,137,0,0,0,0,.
"Centrally Planned Europe",1809,129,129,0,0,0,0,.
"Centrally Planned Europe",1810,155,155,0,0,0,0,.
"Centrally Planned Europe",1811,161,161,0,0,0,0,.
"Centrally Planned Europe",1812,124,124,0,0,0,0,.
"Centrally Planned Europe",1813,104,104,0,0,0,0,.
"Centrally Planned Europe",1814,137,137,0,0,0,0,.
"Centrally Planned Europe",1815,161,161,0,0,0,0,.
"Centrally Planned Europe",1816,185,185,0,0,0,0,.
"Centrally Planned Europe",1817,203,203,0,0,0,0,.
"Centrally Planned Europe",1818,252,252,0,0,0,0,.
"Centrally Planned Europe",1819,207,207,0,0,0,0,.
"Centrally Planned Europe",1820,204,204,0,0,0,0,.
"Centrally Planned Europe",1821,226,226,0,0,0,0,.
"Centrally Planned Europe",1822,248,248,0,0,0,0,.
"Centrally Planned Europe",1823,333,333,0,0,0,0,.
"Centrally Planned Europe",1824,348,348,0,0,0,0,.
"Centrally Planned Europe",1825,362,362,0,0,0,0,.
"Centrally Planned Europe",1826,333,333,0,0,0,0,.
"Centrally Planned Europe",1827,357,357,0,0,0,0,.
"Centrally Planned Europe",1828,330,330,0,0,0,0,.
"Centrally Planned Europe",1829,291,291,0,0,0,0,.
"Centrally Planned Europe",1830,307,307,0,0,0,0,.
"Centrally Planned Europe",1831,246,246,0,0,0,0,.
"Centrally Planned Europe",1832,310,310,0,0,0,0,.
"Centrally Planned Europe",1833,315,315,0,0,0,0,.
"Centrally Planned Europe",1834,326,326,0,0,0,0,.
"Centrally Planned Europe",1835,343,343,0,0,0,0,.
"Centrally Planned Europe",1836,397,397,0,0,0,0,.
"Centrally Planned Europe",1837,420,420,0,0,0,0,.
"Centrally Planned Europe",1838,450,450,0,0,0,0,.
"Centrally Planned Europe",1839,497,497,0,0,0,0,.
"Centrally Planned Europe",1840,574,574,0,0,0,0,.
"Centrally Planned Europe",1841,623,623,0,0,0,0,.
"Centrally Planned Europe",1842,646,646,0,0,0,0,.
"Centrally Planned Europe",1843,637,637,0,0,0,0,.
"Centrally Planned Europe",1844,705,705,0,0,0,0,.
"Centrally Planned Europe",1845,787,787,0,0,0,0,.
"Centrally Planned Europe",1846,822,822,0,0,0,0,.
"Centrally Planned Europe",1847,870,870,0,0,0,0,.
"Centrally Planned Europe",1848,831,831,0,0,0,0,.
"Centrally Planned Europe",1849,820,820,0,0,0,0,.
"Centrally Planned Europe",1850,905,905,0,0,0,0,.
"Centrally Planned Europe",1851,1019,1019,0,0,0,0,.
"Centrally Planned Europe",1852,1222,1222,0,0,0,0,.
"Centrally Planned Europe",1853,1272,1272,0,0,0,0,.
"Centrally Planned Europe",1854,1424,1424,0,0,0,0,.
"Centrally Planned Europe",1855,1751,1751,0,0,0,0,.
"Centrally Planned Europe",1856,1854,1854,0,0,0,0,.
"Centrally Planned Europe",1857,1981,1981,0,0,0,0,.
"Centrally Planned Europe",1858,2340,2339,1,0,0,0,.
"Centrally Planned Europe",1859,2292,2291,1,0,0,0,.
"Centrally Planned Europe",1860,2549,2545,4,0,0,0,.
"Centrally Planned Europe",1861,2832,2828,4,0,0,0,.
"Centrally Planned Europe",1862,3342,3336,6,0,0,0,.
"Centrally Planned Europe",1863,3875,3867,8,0,0,0,.
"Centrally Planned Europe",1864,4389,4378,11,0,0,0,.
"Centrally Planned Europe",1865,4887,4875,12,0,0,0,.
"Centrally Planned Europe",1866,5544,5530,14,0,0,0,.
"Centrally Planned Europe",1867,6204,6185,19,0,0,0,.
"Centrally Planned Europe",1868,6758,6727,31,0,0,0,.
"Centrally Planned Europe",1869,7360,7330,30,0,0,0,.
"Centrally Planned Europe",1870,7945,7912,33,0,0,0,.
"Centrally Planned Europe",1871,9253,9223,30,0,0,0,.
"Centrally Planned Europe",1872,9957,9925,32,0,0,0,.
"Centrally Planned Europe",1873,10537,10478,59,0,0,0,.
"Centrally Planned Europe",1874,11487,11384,103,0,0,0,.
"Centrally Planned Europe",1875,11809,11660,149,0,0,0,.
"Centrally Planned Europe",1876,14340,14102,239,0,0,0,.
"Centrally Planned Europe",1877,14253,13937,316,0,0,0,.
"Centrally Planned Europe",1878,15551,15187,363,0,0,0,.
"Centrally Planned Europe",1879,16589,16138,450,0,0,0,.
"Centrally Planned Europe",1880,17551,17043,508,0,0,0,.
"Centrally Planned Europe",1881,18106,17411,695,0,0,0,.
"Centrally Planned Europe",1882,18786,18030,756,0,0,0,.
"Centrally Planned Europe",1883,20705,19872,832,0,0,0,.
"Centrally Planned Europe",1884,21427,20229,1198,0,0,0,.
"Centrally Planned Europe",1885,22586,21080,1506,0,0,0,.
"Centrally Planned Europe",1886,23244,21704,1541,0,0,0,.
"Centrally Planned Europe",1887,24010,22071,1940,0,0,0,.
"Centrally Planned Europe",1888,25986,23871,2115,0,0,0,.
"Centrally Planned Europe",1889,27875,25748,2127,0,0,0,.
"Centrally Planned Europe",1890,29903,27300,2603,0,0,0,.
"Centrally Planned Europe",1891,32105,28928,3177,0,0,0,.
"Centrally Planned Europe",1892,32166,28862,3305,0,0,0,.
"Centrally Planned Europe",1893,34573,30694,3880,0,0,0,.
"Centrally Planned Europe",1894,35319,31738,3582,0,0,0,.
"Centrally Planned Europe",1895,38170,33256,4914,0,0,0,.
"Centrally Planned Europe",1896,39822,34824,4998,0,0,0,.
"Centrally Planned Europe",1897,43068,37431,5636,0,0,0,.
"Centrally Planned Europe",1898,46733,40332,6401,0,0,0,.
"Centrally Planned Europe",1899,50013,43170,6843,0,0,0,.
"Centrally Planned Europe",1900,52983,45032,7951,0,0,0,.
"Centrally Planned Europe",1901,55178,46210,8969,0,0,0,.
"Centrally Planned Europe",1902,54026,45403,8623,0,0,0,.
"Centrally Planned Europe",1903,54799,46748,8051,0,0,0,.
"Centrally Planned Europe",1904,57552,48975,8577,0,0,0,.
"Centrally Planned Europe",1905,57253,50560,6693,0,0,0,.
"Centrally Planned Europe",1906,62120,54482,7637,0,0,0,.
"Centrally Planned Europe",1907,68185,59732,8454,0,0,0,.
"Centrally Planned Europe",1908,70355,61406,8949,0,0,0,.
"Centrally Planned Europe",1909,72787,62886,9900,0,0,0,.
"Centrally Planned Europe",1910,71791,61930,9861,0,0,0,.
"Centrally Planned Europe",1911,74749,65301,9448,0,0,0,.
"Centrally Planned Europe",1912,82586,73064,9521,0,0,0,.
"Centrally Planned Europe",1913,87871,78638,9233,0,0,0,.
"Centrally Planned Europe",1914,77250,67960,9289,0,0,0,.
"Centrally Planned Europe",1915,73869,64197,9671,0,0,0,.
"Centrally Planned Europe",1916,79994,70252,9742,0,0,0,.
"Centrally Planned Europe",1917,79856,71256,8600,0,0,0,.
"Centrally Planned Europe",1918,55873,51320,4553,0,0,0,.
"Centrally Planned Europe",1919,25230,20021,5138,70,0,0,.
"Centrally Planned Europe",1920,44932,39916,4780,237,0,0,.
"Centrally Planned Europe",1921,45958,41109,4599,250,0,0,.
"Centrally Planned Europe",1922,46697,40954,5459,284,0,0,.
"Centrally Planned Europe",1923,43847,37476,6076,295,0,0,.
"Centrally Planned Europe",1924,47782,40876,6506,400,0,0,.
"Centrally Planned Europe",1925,46998,39238,7279,481,0,0,.
"Centrally Planned Europe",1926,54929,45538,8910,481,0,0,.
"Centrally Planned Europe",1927,65248,54195,10546,507,0,0,.
"Centrally Planned Europe",1928,70373,58288,10942,605,538,0,.
"Centrally Planned Europe",1929,78112,63894,12891,736,591,0,.
"Centrally Planned Europe",1930,83063,60425,20821,980,837,0,.
"Centrally Planned Europe",1931,90554,63918,24655,1194,787,0,.
"Centrally Planned Europe",1932,92034,65979,24013,1288,754,0,.
"Centrally Planned Europe",1933,97998,71757,24227,1392,622,0,.
"Centrally Planned Europe",1934,113433,83435,27504,1691,804,0,.
"Centrally Planned Europe",1935,124423,93205,28438,1808,972,0,.
"Centrally Planned Europe",1936,140086,106095,30647,2147,1198,0,.
"Centrally Planned Europe",1937,145999,112099,30476,2162,1263,0,.
"Centrally Planned Europe",1938,154829,120008,31520,2121,1180,0,.
"Centrally Planned Europe",1939,155235,121011,31331,1951,942,0,.
"Centrally Planned Europe",1940,211321,176349,31826,2273,872,0,.
"Centrally Planned Europe",1941,194914,160841,32280,787,1007,0,.
"Centrally Planned Europe",1942,165656,132947,31620,896,193,0,.
"Centrally Planned Europe",1943,194334,164829,28576,723,205,0,.
"Centrally Planned Europe",1944,180975,145171,35230,492,82,0,.
"Centrally Planned Europe",1945,139259,115897,20805,2199,358,0,.
"Centrally Planned Europe",1946,167594,141195,23117,2438,843,0,.
"Centrally Planned Europe",1947,190354,159591,26884,2743,1137,0,.
"Centrally Planned Europe",1948,202527,167662,29708,3641,1517,0,.
"Centrally Planned Europe",1949,229469,188363,34421,4891,1794,0,.
"Centrally Planned Europe",1950,249219,205905,35881,5126,2307,0,0.99
"Centrally Planned Europe",1951,270938,223455,39168,5608,2707,0,1.06
"Centrally Planned Europe",1952,291155,237651,44450,6030,3024,0,1.12
"Centrally Planned Europe",1953,310193,250720,49174,6865,3434,0,1.18
"Centrally Planned Europe",1954,336766,270467,55118,7332,3849,0,1.25
"Centrally Planned Europe",1955,374453,297543,64018,8383,4509,0,1.37
"Centrally Planned Europe",1956,407632,318557,73759,10411,4904,0,1.47
"Centrally Planned Europe",1957,444839,340723,83538,14953,5625,0,1.58
"Centrally Planned Europe",1958,471457,351566,92770,20679,6442,0,1.65
"Centrally Planned Europe",1959,495671,361847,100951,25449,7425,0,1.7
"Centrally Planned Europe",1960,518787,368401,110506,31250,8630,0,1.76
"Centrally Planned Europe",1961,538967,370193,120201,39006,9567,0,1.8
"Centrally Planned Europe",1962,568243,374813,135013,47748,10582,87,1.87
"Centrally Planned Europe",1963,609287,392597,147892,57473,11203,123,1.98
"Centrally Planned Europe",1964,648079,407451,159704,68689,12090,145,2.08
"Centrally Planned Europe",1965,680183,416481,171055,79167,13368,111,2.16
"Centrally Planned Europe",1966,712802,427178,183169,87755,14640,60,2.23
"Centrally Planned Europe",1967,742604,429580,200682,96643,15627,72,2.31
"Centrally Planned Europe",1968,769382,432656,215249,105197,16219,60,2.37
"Centrally Planned Europe",1969,806714,443607,232656,113742,16637,72,2.46
"Centrally Planned Europe",1970,851564,469594,256036,108219,17647,67,2.57
"Centrally Planned Europe",1971,898551,478021,274665,121242,18611,6013,2.69
"Centrally Planned Europe",1972,942079,491533,298043,127353,19424,5726,2.8
"Centrally Planned Europe",1973,979540,495322,321897,134904,20587,6831,2.88
"Centrally Planned Europe",1974,1014159,498095,342598,144118,21808,7540,2.96
"Centrally Planned Europe",1975,1068686,516159,362987,158099,23140,8301,3.09
"Centrally Planned Europe",1976,1113866,531081,374930,174684,23942,9229,3.19
"Centrally Planned Europe",1977,1153076,541782,390968,185608,24754,9964,3.27
"Centrally Planned Europe",1978,1194739,546241,418190,194539,25060,10708,3.37
"Centrally Planned Europe",1979,1203133,548260,419333,205329,24366,5845,3.36
"Centrally Planned Europe",1980,1245252,574636,424844,215305,24571,5896,3.45
"Centrally Planned Europe",1981,1213413,528775,425484,229136,24160,5858,3.33
"Centrally Planned Europe",1982,1235831,537705,427171,241296,23924,5735,3.37
"Centrally Planned Europe",1983,1251687,538547,426620,256452,24419,5649,3.38
"Centrally Planned Europe",1984,1262368,542154,417669,272203,24767,5575,3.39
"Centrally Planned Europe",1985,1341858,595820,421214,294664,24214,5946,3.57
"Centrally Planned Europe",1986,1349255,608853,422156,287771,25272,5203,3.57
"Centrally Planned Europe",1987,1399212,613820,429244,325718,25658,4772,3.67
"Centrally Planned Europe",1988,1420301,613735,424485,345465,26120,10495,3.7
"Centrally Planned Europe",1989,1388554,584775,420603,346926,26017,10234,3.59
"Centrally Planned Europe",1990,1283457,493191,402520,356693,24284,6770,3.3
"Centrally Planned Europe",1991,1224567,446720,395107,354749,21694,6298,3.14
"Centrally Planned Europe",1992,1135490,448232,292477,372142,18379,4261,2.91
"Centrally Planned Europe",1993,1047808,410502,259904,358855,15273,3274,2.68
"Centrally Planned Europe",1994,927293,372986,207772,331068,12731,2736,2.38
"Centrally Planned Europe",1995,900420,360946,199268,325282,11925,3000,2.31
"Centrally Planned Europe",1996,881781,352760,185134,330562,10283,3042,2.26
"Centrally Planned Europe",1997,827102,318987,176931,318146,10316,2722,2.13
"Centrally Planned Europe",1998,805643,300849,175730,315179,10533,3352,2.08
"Centrally Planned Europe",1999,802482,299604,166791,321492,10919,3676,2.07
"Centrally Planned Europe",2000,802674,300046,163589,324368,11028,3643,2.08
"Centrally Planned Europe",2001,811151,296116,168045,331919,11155,3917,2.11
"Centrally Planned Europe",2002,809265,294609,166532,330475,11699,5948,2.11
"Centrally Planned Europe",2003,841732,303748,169371,350117,12933,5564,2.2
"Centrally Planned Europe",2004,846942,297525,172983,356343,14516,5575,2.22
"Centrally Planned Europe",2005,849347,295944,170246,360723,15562,6872,2.23
"Centrally Planned Europe",2006,876789,310603,177010,363469,17631,8077,2.3
"Centrally Planned Europe",2007,882136,305758,178794,369504,19597,8483,2.31
"Centrally Planned Europe",2008,894511,310571,185107,372061,18928,7843,2.34
"Centrally Planned Europe",2009,810809,268981,178325,341232,15396,6875,2.12
"Centrally Planned Europe",2010,868660,287639,177891,378084,16265,8781,2.27
"Centrally Planned Europe",2011,898796,295884,189706,385735,18202,9269,2.35
"Centrally Planned Europe",2012,907922,309582,194296,375869,18735,9440,2.37
"Centrally Planned Europe",2013,885156,295954,184197,376056,19402,9547,2.3
"Centrally Planned Europe",2014,846001,278197,183446,357306,20412,6640,2.2
"Far East",1858,119,119,0,0,0,0,.
"Far East",1859,192,192,0,0,0,0,.
"Far East",1860,194,194,0,0,0,0,.
"Far East",1861,150,150,0,0,0,0,.
"Far East",1862,166,166,0,0,0,0,.
"Far East",1863,184,184,0,0,0,0,.
"Far East",1864,174,174,0,0,0,0,.
"Far East",1865,171,171,0,0,0,0,.
"Far East",1866,193,193,0,0,0,0,.
"Far East",1878,533,533,0,0,0,0,.
"Far East",1879,506,486,20,0,0,0,.
"Far East",1880,566,536,30,0,0,0,.
"Far East",1881,552,524,27,0,0,0,.
"Far East",1882,656,594,62,0,0,0,.
"Far East",1883,732,691,41,0,0,0,.
"Far East",1884,815,734,81,0,0,0,.
"Far East",1885,736,680,56,0,0,0,.
"Far East",1886,826,729,97,0,0,0,.
"Far East",1887,915,822,94,0,0,0,.
"Far East",1888,1016,898,119,0,0,0,.
"Far East",1889,1196,1023,173,0,0,0,.
"Far East",1890,1325,1146,179,0,0,0,.
"Far East",1891,1430,1234,196,0,0,0,.
"Far East",1892,1621,1397,224,0,0,0,.
"Far East",1893,1755,1397,358,0,0,0,.
"Far East",1894,1819,1564,254,0,0,0,.
"Far East",1895,2336,1981,355,0,0,0,.
"Far East",1896,2540,2160,380,0,0,0,.
"Far East",1897,2797,2293,504,0,0,0,.
"Far East",1898,3139,2606,533,0,0,0,.
"Far East",1899,3361,2865,496,0,0,0,.
"Far East",1900,3938,3407,531,0,0,0,.
"Far East",1901,4602,3694,908,0,0,0,.
"Far East",1902,4838,4123,715,0,0,0,.
"Far East",1903,5303,4132,1172,0,0,0,.
"Far East",1904,5919,4553,1367,0,0,0,.
"Far East",1905,6250,4722,1527,0,0,0,.
"Far East",1906,7125,5493,1632,0,0,0,.
"Far East",1907,8068,6270,1798,0,0,0,.
"Far East",1908,9077,7159,1918,0,0,0,.
"Far East",1909,9010,6786,2224,0,0,0,.
"Far East",1910,8927,6967,1960,0,0,0,.
"Far East",1911,9430,7311,2119,0,0,0,.
"Far East",1912,10322,8370,1952,0,0,0,.
"Far East",1913,11261,9160,2101,0,0,0,.
"Far East",1914,11412,9354,2059,0,0,0,.
"Far East",1915,11893,9736,2158,0,0,0,.
"Far East",1916,12400,10072,2328,0,0,0,.
"Far East",1917,13088,10769,2319,0,0,0,.
"Far East",1918,14501,12204,2297,0,0,0,.
"Far East",1919,15966,13522,2443,0,0,0,.
"Far East",1920,13832,11268,2564,0,0,0,.
"Far East",1921,14749,12005,2705,39,0,0,.
"Far East",1922,14832,11940,2850,41,0,0,.
"Far East",1923,15737,12460,3186,91,0,0,.
"Far East",1924,16834,13556,3163,115,0,0,.
"Far East",1925,17068,13528,3362,179,0,0,.
"Far East",1926,17219,13734,3334,151,0,0,.
"Far East",1927,18330,14454,3731,145,0,0,.
"Far East",1928,19181,14646,4254,195,86,0,.
"Far East",1929,20731,15232,5137,255,108,0,.
"Far East",1930,20722,15443,4949,219,111,0,.
"Far East",1931,18899,13759,4679,343,118,0,.
"Far East",1932,17709,12541,4695,359,114,0,.
"Far East",1933,17968,12424,4982,449,114,0,.
"Far East",1934,19654,13684,5340,490,140,0,.
"Far East",1935,20456,14341,5466,487,162,0,.
"Far East",1936,20935,14356,5932,469,178,0,.
"Far East",1937,23517,16035,6773,523,186,0,.
"Far East",1938,25567,17908,7046,564,49,0,.
"Far East",1939,26892,18121,8085,636,51,0,.
"Far East",1940,28130,19555,7889,671,16,0,.
"Far East",1941,27542,19513,7572,60,397,0,.
"Far East",1942,21208,17315,3516,44,333,0,.
"Far East",1943,21939,15444,6125,27,343,0,.
"Far East",1944,19045,15223,3472,31,319,0,.
"Far East",1945,18022,16286,1416,19,301,0,.
"Far East",1946,17635,16578,744,35,277,0,.
"Far East",1947,20267,17309,2659,38,261,0,.
"Far East",1948,21621,18068,2996,223,334,0,.
"Far East",1949,28622,19142,8396,640,444,0,.
"Far East",1950,28152,19710,7462,444,537,0,0.04
"Far East",1951,30548,20939,8400,525,684,0,0.05
"Far East",1952,33991,22782,9788,675,746,0,0.05
"Far East",1953,35154,23046,10468,831,808,0,0.05
"Far East",1954,37506,23329,12288,947,941,0,0.05
"Far East",1955,42259,24616,15516,1150,977,0,0.06
"Far East",1956,44333,25554,16425,1300,1054,0,0.06
"Far East",1957,46785,28053,16110,1406,1217,0,0.06
"Far East",1958,49425,29235,17376,1405,1409,0,0.06
"Far East",1959,52334,31021,18242,1516,1556,0,0.07
"Far East",1960,56549,34551,18509,1729,1760,0,0.07
"Far East",1961,62012,36976,21208,1860,1968,0,0.08
"Far East",1962,67517,40527,22783,2028,2167,12,0.08
"Far East",1963,73392,43720,25101,2193,2342,37,0.09
"Far East",1964,74719,42977,26712,2352,2549,130,0.08
"Far East",1965,81345,46094,29307,2867,2872,205,0.09
"Far East",1966,85732,46676,32609,3055,3165,227,0.09
"Far East",1967,91243,47725,36202,3399,3520,397,0.1
"Far East",1968,101311,48164,44944,3787,4041,374,0.1
"Far East",1969,106269,47782,49789,3821,4534,344,0.11
"Far East",1970,119856,48473,59872,2842,4716,3953,0.12
"Far East",1971,127119,49161,65433,3238,5281,4006,0.12
"Far East",1972,135849,51123,70672,3582,5565,4906,0.13
"Far East",1973,146226,53015,77612,4352,6019,5227,0.14
"Far East",1974,149888,55545,77841,4996,6117,5389,0.14
"Far East",1975,160681,60730,82390,5770,6785,5006,0.14
"Far East",1976,177365,63666,93968,6333,7910,5488,0.15
"Far East",1977,193767,67424,102646,7219,8711,7767,0.16
"Far East",1978,207199,66898,114038,8023,9316,8924,0.17
"Far East",1979,220884,72213,122158,8181,9556,8775,0.18
"Far East",1980,228918,79406,123506,9752,9998,6255,0.18
"Far East",1981,234518,84658,123005,10392,10818,5644,0.18
"Far East",1982,241936,88146,124623,12154,11515,5497,0.18
"Far East",1983,260678,97885,131728,12609,12991,5465,0.19
"Far East",1984,268840,103880,129524,16841,13396,5199,0.19
"Far East",1985,288211,117126,133289,19240,13948,4608,0.2
"Far East",1986,304087,125913,138457,20092,15143,4481,0.21
"Far East",1987,321160,134587,141638,23881,16149,4905,0.22
"Far East",1988,354181,146847,157837,26009,17789,5699,0.23
"Far East",1989,382766,155373,173204,28463,19620,6104,0.25
"Far East",1990,410373,163810,183402,35670,21457,6033,0.26
"Far East",1991,443068,176025,198504,39459,22695,6384,0.27
"Far East",1992,479529,181559,222133,45483,24969,5385,0.29
"Far East",1993,515549,195842,235167,50850,27543,6146,0.31
"Far East",1994,545918,205148,250436,55357,29542,5435,0.32
"Far East",1995,581983,212892,265558,66300,31958,5275,0.33
"Far East",1996,631018,228804,288573,72805,35437,5398,0.35
"Far East",1997,665964,241638,302570,79478,36927,5351,0.37
"Far East",1998,627673,242390,276146,71494,32006,5636,0.34
"Far East",1999,667317,259374,287817,83092,33357,3677,0.35
"Far East",2000,709090,280354,308775,80676,35178,4107,0.37
"Far East",2001,730117,294699,303033,89115,37680,5590,0.38
"Far East",2002,749090,306620,299530,96557,41318,5065,0.38
"Far East",2003,776682,323930,297385,106906,43877,4584,0.39
"Far East",2004,816873,349829,305626,112941,44591,3886,0.4
"Far East",2005,838370,367222,301228,116219,47275,6425,0.41
"Far East",2006,866627,395751,294112,121189,50075,5500,0.41
"Far East",2007,921433,434335,304895,125466,51773,4963,0.44
"Far East",2008,988425,475235,319206,133581,54916,5487,0.46
"Far East",2009,1049629,498885,342336,144486,57798,6124,0.48
"Far East",2010,1075899,504205,344747,158709,59712,8525,0.49
"Far East",2011,1164378,587825,342516,162165,64031,7842,0.52
"Far East",2012,1221450,633020,350506,162399,69816,5710,0.54
"Far East",2013,1202883,585128,370194,168772,73045,5744,0.52
"Far East",2014,1265411,628109,392288,165359,72864,6791,0.54
"Germany",1792,128,128,0,0,0,0,.
"Germany",1793,131,131,0,0,0,0,.
"Germany",1794,121,121,0,0,0,0,.
"Germany",1795,122,122,0,0,0,0,.
"Germany",1796,146,146,0,0,0,0,.
"Germany",1797,150,150,0,0,0,0,.
"Germany",1798,157,157,0,0,0,0,.
"Germany",1799,171,171,0,0,0,0,.
"Germany",1800,217,217,0,0,0,0,.
"Germany",1801,146,146,0,0,0,0,.
"Germany",1802,151,151,0,0,0,0,.
"Germany",1803,146,146,0,0,0,0,.
"Germany",1804,275,275,0,0,0,0,.
"Germany",1805,284,284,0,0,0,0,.
"Germany",1806,256,256,0,0,0,0,.
"Germany",1807,734,734,0,0,0,0,.
"Germany",1808,245,245,0,0,0,0,.
"Germany",1809,254,254,0,0,0,0,.
"Germany",1810,267,267,0,0,0,0,.
"Germany",1811,253,253,0,0,0,0,.
"Germany",1812,249,249,0,0,0,0,.
"Germany",1813,243,243,0,0,0,0,.
"Germany",1814,241,241,0,0,0,0,.
"Germany",1815,281,281,0,0,0,0,.
"Germany",1816,651,651,0,0,0,0,.
"Germany",1817,923,923,0,0,0,0,.
"Germany",1818,964,964,0,0,0,0,.
"Germany",1819,894,894,0,0,0,0,.
"Germany",1820,923,923,0,0,0,0,.
"Germany",1821,964,964,0,0,0,0,.
"Germany",1822,991,991,0,0,0,0,.
"Germany",1823,1101,1101,0,0,0,0,.
"Germany",1824,882,882,0,0,0,0,.
"Germany",1825,1184,1184,0,0,0,0,.
"Germany",1826,1143,1143,0,0,0,0,.
"Germany",1827,1239,1239,0,0,0,0,.
"Germany",1828,1239,1239,0,0,0,0,.
"Germany",1829,991,991,0,0,0,0,.
"Germany",1830,1308,1308,0,0,0,0,.
"Germany",1831,1253,1253,0,0,0,0,.
"Germany",1832,941,941,0,0,0,0,.
"Germany",1833,1195,1195,0,0,0,0,.
"Germany",1834,1204,1204,0,0,0,0,.
"Germany",1835,1346,1346,0,0,0,0,.
"Germany",1836,1417,1417,0,0,0,0,.
"Germany",1837,1624,1624,0,0,0,0,.
"Germany",1838,1810,1810,0,0,0,0,.
"Germany",1839,1916,1916,0,0,0,0,.
"Germany",1840,2504,2504,0,0,0,0,.
"Germany",1841,2606,2606,0,0,0,0,.
"Germany",1842,2970,2970,0,0,0,0,.
"Germany",1843,2811,2811,0,0,0,0,.
"Germany",1844,2970,2970,0,0,0,0,.
"Germany",1845,3442,3442,0,0,0,0,.
"Germany",1846,3599,3599,0,0,0,0,.
"Germany",1847,3777,3777,0,0,0,0,.
"Germany",1848,3501,3501,0,0,0,0,.
"Germany",1849,3718,3718,0,0,0,0,.
"Germany",1850,4132,4132,0,0,0,0,.
"Germany",1851,4604,4604,0,0,0,0,.
"Germany",1852,5233,5233,0,0,0,0,.
"Germany",1853,5666,5666,0,0,0,0,.
"Germany",1854,6650,6650,0,0,0,0,.
"Germany",1855,7810,7810,0,0,0,0,.
"Germany",1856,8440,8440,0,0,0,0,.
"Germany",1857,8990,8990,0,0,0,0,.
"Germany",1858,9719,9719,0,0,0,0,.
"Germany",1859,9227,9227,0,0,0,0,.
"Germany",1860,9933,9933,0,0,0,0,.
"Germany",1861,11280,11280,0,0,0,0,.
"Germany",1862,12429,12429,0,0,0,0,.
"Germany",1863,13478,13478,0,0,0,0,.
"Germany",1864,15459,15459,0,0,0,0,.
"Germany",1865,17322,17312,10,0,0,0,.
"Germany",1866,17169,17141,28,0,0,0,.
"Germany",1867,18874,18823,51,0,0,0,.
"Germany",1868,20297,20237,60,0,0,0,.
"Germany",1869,21177,21101,76,0,0,0,.
"Germany",1870,20917,20836,80,0,0,0,.
"Germany",1871,23294,23189,105,0,0,0,.
"Germany",1872,25139,25035,105,0,0,0,.
"Germany",1873,26847,26701,146,0,0,0,.
"Germany",1874,19540,19409,131,0,0,0,.
"Germany",1875,27707,27538,169,0,0,0,.
"Germany",1876,28231,28052,178,0,0,0,.
"Germany",1877,27648,27438,210,0,0,0,.
"Germany",1878,28533,28322,211,0,0,0,.
"Germany",1879,30253,30040,213,0,0,0,.
"Germany",1880,33980,33801,179,0,0,0,.
"Germany",1881,36644,36397,247,0,0,0,.
"Germany",1882,39210,38916,294,0,0,0,.
"Germany",1883,41783,41470,313,0,0,0,.
"Germany",1884,42993,42600,393,0,0,0,.
"Germany",1885,43991,43583,409,0,0,0,.
"Germany",1886,44496,44121,375,0,0,0,.
"Germany",1887,46504,46069,435,0,0,0,.
"Germany",1888,50859,50377,482,0,0,0,.
"Germany",1889,54271,53738,532,0,0,0,.
"Germany",1890,56832,56278,554,0,0,0,.
"Germany",1891,60273,59695,579,0,0,0,.
"Germany",1892,58676,58043,634,0,0,0,.
"Germany",1893,60238,59586,652,0,0,0,.
"Germany",1894,62636,61964,671,0,0,0,.
"Germany",1895,65034,64340,693,0,0,0,.
"Germany",1896,69940,69209,732,0,0,0,.
"Germany",1897,74660,73891,769,0,0,0,.
"Germany",1898,77887,77106,780,0,0,0,.
"Germany",1899,82774,81988,785,0,0,0,.
"Germany",1900,89181,88354,827,0,0,0,.
"Germany",1901,88853,88040,813,0,0,0,.
"Germany",1902,87115,86286,828,0,0,0,.
"Germany",1903,93777,92903,873,0,0,0,.
"Germany",1904,97195,96300,896,0,0,0,.
"Germany",1905,104346,103477,869,0,0,0,.
"Germany",1906,98782,97902,881,0,0,0,.
"Germany",1907,120683,119739,944,0,0,0,.
"Germany",1908,121900,120901,999,0,0,0,.
"Germany",1909,121608,120671,938,0,0,0,.
"Germany",1910,121552,120586,966,0,0,0,.
"Germany",1911,125160,124219,941,0,0,0,.
"Germany",1912,136223,135174,1049,0,0,0,.
"Germany",1913,146038,145071,967,0,0,0,.
"Germany",1914,135897,135805,92,0,0,0,.
"Germany",1915,126339,126256,83,0,0,0,.
"Germany",1916,136653,136575,78,0,0,0,.
"Germany",1917,143171,143094,76,0,0,0,.
"Germany",1918,137397,137365,32,0,0,0,.
"Germany",1919,105739,105708,31,0,0,0,.
"Germany",1920,117142,117113,29,0,0,0,.
"Germany",1921,129143,129111,32,0,0,0,.
"Germany",1922,124307,124272,35,0,0,0,.
"Germany",1923,90592,90550,43,0,0,0,.
"Germany",1924,123306,123256,49,0,0,0,.
"Germany",1925,125018,124952,66,0,0,0,.
"Germany",1926,112783,112704,80,0,0,0,.
"Germany",1927,131289,131329,-39,0,0,0,.
"Germany",1928,137797,136790,-42,0,1049,0,.
"Germany",1929,147099,146199,-80,0,980,0,.
"Germany",1930,126019,125352,-104,0,771,0,.
"Germany",1931,105239,104823,-105,0,522,0,.
"Germany",1932,94792,94448,-49,0,393,0,.
"Germany",1933,99578,99082,-39,0,535,0,.
"Germany",1934,111530,110559,85,6,880,0,.
"Germany",1935,123463,121900,358,7,1198,0,.
"Germany",1936,136376,134402,373,12,1590,0,.
"Germany",1937,153811,151708,378,11,1714,0,.
"Germany",1938,164120,161479,510,9,2122,0,.
"Germany",1939,177042,174508,620,16,1898,0,.
"Germany",1940,178594,176240,884,8,1461,0,.
"Germany",1941,180360,178054,755,7,1543,0,.
"Germany",1942,182295,180674,623,7,991,0,.
"Germany",1943,185444,183609,595,5,1234,0,.
"Germany",1944,163830,163190,604,36,0,0,.
"Germany",1945,31677,31184,455,37,0,0,.
"Germany",1946,74153,73210,544,45,353,0,.
"Germany",1947,86701,85768,483,32,418,0,.
"Germany",1948,103123,99567,2644,28,885,0,.
"Germany",1949,117955,115003,1615,22,1315,0,.
"Germany",1950,139392,135617,2065,12,1698,0,2.04
"Germany",1951,157456,152503,3023,15,1915,0,2.29
"Germany",1952,166769,161126,3562,27,2054,0,2.41
"Germany",1953,170187,162987,4674,62,2463,0,2.45
"Germany",1954,180079,170708,6663,99,2609,0,2.58
"Germany",1955,197485,186215,8156,199,2915,0,2.81
"Germany",1956,209138,195177,10616,289,3056,0,2.96
"Germany",1957,212336,196554,12419,286,3077,0,2.98
"Germany",1958,206461,187972,15045,283,3161,0,2.88
"Germany",1959,206306,183038,19222,325,3722,0,2.86
"Germany",1960,222180,193016,24725,368,4071,0,3.06
"Germany",1961,227885,194227,28846,404,4409,0,3.11
"Germany",1962,241077,199786,36127,537,4628,0,3.26
"Germany",1963,258089,207885,44791,698,4715,0,3.45
"Germany",1964,264485,206226,51857,1044,5358,0,3.51
"Germany",1965,262081,195665,59435,1511,5470,0,3.45
"Germany",1966,259713,185618,66671,1823,5601,0,3.39
"Germany",1967,255563,178457,69426,2395,5286,0,3.32
"Germany",1968,268820,180028,79268,3948,5575,0,3.48
"Germany",1969,287166,187277,88481,5628,5779,0,3.71
"Germany",1970,280079,164638,101019,8124,6298,0,3.6
"Germany",1971,283203,160517,104989,10966,6730,0,3.63
"Germany",1972,284431,151086,111902,14370,7073,0,3.64
"Germany",1973,296566,153364,117833,18491,6877,0,3.78
"Germany",1974,290319,154434,106558,23060,6266,0,3.69
"Germany",1975,273909,140824,102841,24239,6005,0,3.48
"Germany",1976,298109,151738,114455,25556,6360,0,3.79
"Germany",1977,287719,141006,113763,26761,6189,0,3.66
"Germany",1978,295037,142942,116860,28732,6504,0,3.76
"Germany",1979,305691,149884,117791,31311,6706,0,3.9
"Germany",1980,300850,150429,112570,31510,6341,0,3.84
"Germany",1981,286799,152224,98609,30022,5944,0,3.67
"Germany",1982,277871,150331,94012,27843,5685,0,3.56
"Germany",1983,276803,151129,90993,28935,5745,0,3.55
"Germany",1984,282728,156204,91400,29621,5503,0,3.64
"Germany",1985,285684,158126,92855,29621,5082,0,3.68
"Germany",1986,286670,156594,97387,27443,5245,0,3.69
"Germany",1987,282596,152899,94305,29898,5127,366,3.64
"Germany",1988,281732,150890,95868,29377,5267,330,3.63
"Germany",1989,277388,149230,89182,33272,5544,161,3.58
"Germany",1990,276447,144214,92920,33865,5131,317,3.56
"Germany",1991,253606,121566,90980,36072,4678,310,3.18
"Germany",1992,243244,110594,91818,35521,5104,207,3.03
"Germany",1993,239336,103953,92901,37310,4984,188,2.96
"Germany",1994,236040,101106,91417,38217,4914,387,2.9
"Germany",1995,235645,96680,91700,42033,4529,704,2.88
"Germany",1996,242600,96068,94544,47007,4288,693,2.95
"Germany",1997,235145,91658,92969,44937,4889,691,2.86
"Germany",1998,233260,89420,92657,45425,4979,779,2.83
"Germany",1999,224287,85160,88471,44967,4884,806,2.72
"Germany",2000,226337,89463,86414,44878,4816,766,2.75
"Germany",2001,232796,91315,89142,47212,4368,759,2.83
"Germany",2002,226268,88933,85171,47200,4217,748,2.74
"Germany",2003,224383,89552,82973,47390,4454,13,2.72
"Germany",2004,222744,90065,80754,47584,4332,10,2.7
"Germany",2005,217393,86165,78421,48581,4217,9,2.63
"Germany",2006,222654,89858,78686,49527,4574,9,2.7
"Germany",2007,212857,91205,69328,47777,4540,6,2.55
"Germany",2008,212862,84989,75258,48194,4415,7,2.55
"Germany",2009,196963,76236,71218,45426,4076,7,2.45
"Germany",2010,206943,83574,71983,47408,3972,6,2.57
"Germany",2011,199754,82252,69465,43468,4561,8,2.48
"Germany",2012,201762,84428,69309,43608,4411,6,2.51
"Germany",2013,206521,86226,70373,45658,4258,5,2.56
"Germany",2014,196314,84098,68263,39582,4365,5,2.43
"Middle East",1865,41,41,0,0,0,0,.
"Middle East",1866,57,57,0,0,0,0,.
"Middle East",1867,62,62,0,0,0,0,.
"Middle East",1868,48,48,0,0,0,0,.
"Middle East",1869,73,73,0,0,0,0,.
"Middle East",1870,43,43,0,0,0,0,.
"Middle East",1871,54,54,0,0,0,0,.
"Middle East",1872,67,67,0,0,0,0,.
"Middle East",1873,65,65,0,0,0,0,.
"Middle East",1874,70,70,0,0,0,0,.
"Middle East",1875,96,96,0,0,0,0,.
"Middle East",1876,75,75,0,0,0,0,.
"Middle East",1877,122,122,0,0,0,0,.
"Middle East",1878,89,89,0,0,0,0,.
"Middle East",1879,34,34,0,0,0,0,.
"Middle East",1880,38,38,0,0,0,0,.
"Middle East",1881,50,50,0,0,0,0,.
"Middle East",1882,42,42,0,0,0,0,.
"Middle East",1883,44,44,0,0,0,0,.
"Middle East",1884,48,48,0,0,0,0,.
"Middle East",1885,53,53,0,0,0,0,.
"Middle East",1886,37,37,0,0,0,0,.
"Middle East",1887,67,67,0,0,0,0,.
"Middle East",1888,73,73,0,0,0,0,.
"Middle East",1889,110,110,0,0,0,0,.
"Middle East",1890,100,100,0,0,0,0,.
"Middle East",1891,110,110,0,0,0,0,.
"Middle East",1892,112,112,0,0,0,0,.
"Middle East",1893,116,116,0,0,0,0,.
"Middle East",1894,107,107,0,0,0,0,.
"Middle East",1895,102,102,0,0,0,0,.
"Middle East",1896,121,121,0,0,0,0,.
"Middle East",1897,86,86,0,0,0,0,.
"Middle East",1898,143,143,0,0,0,0,.
"Middle East",1899,183,183,0,0,0,0,.
"Middle East",1900,283,283,0,0,0,0,.
"Middle East",1901,259,259,0,0,0,0,.
"Middle East",1902,286,286,0,0,0,0,.
"Middle East",1903,329,329,0,0,0,0,.
"Middle East",1904,373,373,0,0,0,0,.
"Middle East",1905,418,418,0,0,0,0,.
"Middle East",1906,432,431,1,0,0,0,.
"Middle East",1907,513,513,0,0,0,0,.
"Middle East",1908,470,470,0,0,0,0,.
"Middle East",1909,534,534,0,0,0,0,.
"Middle East",1910,514,514,0,0,0,0,.
"Middle East",1911,645,608,37,0,0,0,.
"Middle East",1912,614,545,69,0,0,0,.
"Middle East",1913,789,556,233,0,0,0,.
"Middle East",1914,774,454,320,0,0,0,.
"Middle East",1915,665,283,383,0,0,0,.
"Middle East",1916,687,140,548,0,0,0,.
"Middle East",1917,871,107,764,0,0,0,.
"Middle East",1918,1066,125,941,0,0,0,.
"Middle East",1919,1435,256,1179,0,0,0,.
"Middle East",1920,1866,383,1484,0,0,0,.
"Middle East",1921,2210,230,1980,0,0,0,.
"Middle East",1922,2794,276,2518,0,0,0,.
"Middle East",1923,3561,402,3160,0,0,0,.
"Middle East",1924,4355,669,3686,0,0,0,.
"Middle East",1925,4522,646,3876,0,0,0,.
"Middle East",1926,4931,821,4110,0,0,0,.
"Middle East",1927,5490,895,4596,0,0,0,.
"Middle East",1928,5757,845,4904,0,8,0,.
"Middle East",1929,5716,960,4747,0,9,0,.
"Middle East",1930,6249,1076,5154,0,18,0,.
"Middle East",1931,6081,1062,4993,0,26,0,.
"Middle East",1932,6697,1078,5585,0,34,0,.
"Middle East",1933,7427,1257,6128,0,42,0,.
"Middle East",1934,8829,1558,7226,0,45,0,.
"Middle East",1935,9740,1602,8077,0,61,0,.
"Middle East",1936,10735,1582,9088,0,64,0,.
"Middle East",1937,12463,1130,11248,0,85,0,.
"Middle East",1938,12604,1228,11293,0,83,0,.
"Middle East",1939,14226,1354,12786,0,85,0,.
"Middle East",1940,12424,1523,10823,0,78,0,.
"Middle East",1941,9827,1562,8194,0,71,0,.
"Middle East",1942,12956,1380,11399,0,177,0,.
"Middle East",1943,14312,1697,12545,0,71,0,.
"Middle East",1944,18479,1951,16437,0,91,0,.
"Middle East",1945,23515,2004,21424,0,87,0,.
"Middle East",1946,30788,1981,28695,0,112,0,.
"Middle East",1947,36591,2129,34335,0,127,0,.
"Middle East",1948,29647,2161,27372,0,113,0,.
"Middle East",1949,32128,2238,29758,1,132,0,.
"Middle East",1950,4666,2290,2207,0,169,0,0.08
"Middle East",1951,7127,2351,4593,0,183,0,0.12
"Middle East",1952,6354,2295,3856,0,204,0,0.1
"Middle East",1953,7522,2872,4411,0,239,0,0.12
"Middle East",1954,9058,3008,5752,0,298,0,0.14
"Middle East",1955,13843,2893,7068,332,373,3177,0.2
"Middle East",1956,16361,3052,8969,421,438,3481,0.23
"Middle East",1957,17084,3325,10333,523,538,2365,0.24
"Middle East",1958,18917,3423,11325,506,970,2694,0.26
"Middle East",1959,19546,3268,11855,655,709,3059,0.26
"Middle East",1960,24885,3298,16009,1311,807,3461,0.32
"Middle East",1961,26030,3078,16788,1369,868,3927,0.32
"Middle East",1962,30082,3433,19806,1600,938,4305,0.37
"Middle East",1963,34011,3726,20944,1863,1029,6449,0.4
"Middle East",1964,39793,4149,20143,2327,1092,12083,0.46
"Middle East",1965,47481,4094,23307,2495,1218,16368,0.53
"Middle East",1966,54648,4551,26696,3034,1389,18978,0.6
"Middle East",1967,56480,4321,23024,3416,1400,24320,0.6
"Middle East",1968,64856,4414,29015,4489,1661,25277,0.67
"Middle East",1969,73742,4785,27651,6770,1955,32581,0.74
"Middle East",1970,78363,5126,31640,7983,2117,31497,0.77
"Middle East",1971,91824,5247,37073,7666,2414,39425,0.87
"Middle East",1972,99200,5835,37446,8296,2732,44891,0.92
"Middle East",1973,117712,6007,45083,9729,2743,54150,1.06
"Middle East",1974,121738,6286,48365,11100,3016,52970,1.06
"Middle East",1975,119257,6459,51982,11567,3549,45701,1.01
"Middle East",1976,139517,7094,61406,11696,4000,55321,1.15
"Middle East",1977,146791,7182,72674,10862,4439,51634,1.18
"Middle East",1978,147463,6279,73871,11005,5763,50546,1.15
"Middle East",1979,156795,7520,85777,15732,5489,42277,1.18
"Middle East",1980,152609,7279,81166,20923,5449,37792,1.11
"Middle East",1981,151952,7976,87566,25899,6223,24288,1.07
"Middle East",1982,155359,9985,95236,18528,6883,24727,1.06
"Middle East",1983,163653,11434,107108,17082,6951,21079,1.08
"Middle East",1984,171621,13476,108472,28428,8182,13062,1.1
"Middle East",1985,184902,15887,116319,32168,8705,11823,1.15
"Middle East",1986,196752,17602,122164,38024,8885,10076,1.19
"Middle East",1987,201438,18617,123482,40452,9440,9447,1.18
"Middle East",1988,214498,18098,132801,45007,9758,8834,1.22
"Middle East",1989,226879,19429,138978,50334,10410,7727,1.26
"Middle East",1990,227850,21457,127985,57386,10352,10670,1.23
"Middle East",1991,378688,22665,263894,66412,10062,15655,1.99
"Middle East",1992,267141,22853,152674,71787,11074,8753,1.37
"Middle East",1993,289398,22324,166714,80753,12003,7603,1.45
"Middle East",1994,302914,22625,171284,87679,12103,9223,1.47
"Middle East",1995,294269,23671,170544,79397,13176,7481,1.4
"Middle East",1996,296758,27025,164260,83733,13721,8019,1.38
"Middle East",1997,290764,29962,148780,89607,13613,8802,1.32
"Middle East",1998,313175,31545,166623,92248,14647,8112,1.4
"Middle East",1999,338464,29433,186486,98242,14694,9608,1.48
"Middle East",2000,372089,33111,208306,105811,15262,9598,1.59
"Middle East",2001,376099,29553,216577,105455,15195,9319,1.58
"Middle East",2002,382281,30278,210120,117467,16544,7873,1.57
"Middle East",2003,406777,32289,220806,126363,17072,10247,1.64
"Middle East",2004,442370,33309,234615,142591,18456,13398,1.74
"Middle East",2005,458209,33489,234020,157819,19451,13431,1.77
"Middle East",2006,492233,38266,245220,171810,21025,15912,1.86
"Middle East",2007,489536,41434,230301,178667,23420,15714,1.8
"Middle East",2008,527346,41563,251205,193359,25790,15428,1.9
"Middle East",2009,546433,40910,262652,198749,28433,15689,1.92
"Middle East",2010,574378,44067,268176,216595,30945,14594,1.98
"Middle East",2011,589374,45759,263200,231806,32688,15920,1.99
"Middle East",2012,630675,48785,291028,238877,34307,17679,2.08
"Middle East",2013,622368,45263,281395,241780,35729,18202,2.02
"Middle East",2014,667988,48393,304183,261297,35878,18236,2.13
"North America",1785,1,1,0,0,0,0,.
"North America",1786,1,1,0,0,0,0,.
"North America",1787,1,1,0,0,0,0,.
"North America",1788,1,1,0,0,0,0,.
"North America",1789,1,1,0,0,0,0,.
"North America",1790,1,1,0,0,0,0,.
"North America",1791,1,1,0,0,0,0,.
"North America",1792,1,1,0,0,0,0,.
"North America",1793,1,1,0,0,0,0,.
"North America",1794,1,1,0,0,0,0,.
"North America",1795,1,1,0,0,0,0,.
"North America",1796,1,1,0,0,0,0,.
"North America",1797,1,1,0,0,0,0,.
"North America",1798,1,1,0,0,0,0,.
"North America",1799,1,1,0,0,0,0,.
"North America",1800,70,70,0,0,0,0,.
"North America",1801,74,74,0,0,0,0,.
"North America",1802,79,79,0,0,0,0,.
"North America",1803,82,82,0,0,0,0,.
"North America",1804,91,91,0,0,0,0,.
"North America",1805,94,94,0,0,0,0,.
"North America",1806,91,91,0,0,0,0,.
"North America",1807,103,103,0,0,0,0,.
"North America",1808,108,108,0,0,0,0,.
"North America",1809,111,111,0,0,0,0,.
"North America",1810,115,115,0,0,0,0,.
"North America",1811,123,123,0,0,0,0,.
"North America",1812,133,133,0,0,0,0,.
"North America",1813,143,143,0,0,0,0,.
"North America",1814,153,153,0,0,0,0,.
"North America",1815,165,165,0,0,0,0,.
"North America",1816,181,181,0,0,0,0,.
"North America",1817,196,196,0,0,0,0,.
"North America",1818,214,214,0,0,0,0,.
"North America",1819,209,209,0,0,0,0,.
"North America",1820,216,216,0,0,0,0,.
"North America",1821,227,227,0,0,0,0,.
"North America",1822,237,237,0,0,0,0,.
"North America",1823,246,246,0,0,0,0,.
"North America",1824,278,278,0,0,0,0,.
"North America",1825,311,311,0,0,0,0,.
"North America",1826,359,359,0,0,0,0,.
"North America",1827,396,396,0,0,0,0,.
"North America",1828,436,436,0,0,0,0,.
"North America",1829,491,491,0,0,0,0,.
"North America",1830,571,571,0,0,0,0,.
"North America",1831,618,618,0,0,0,0,.
"North America",1832,825,825,0,0,0,0,.
"North America",1833,963,963,0,0,0,0,.
"North America",1834,923,923,0,0,0,0,.
"North America",1835,1179,1179,0,0,0,0,.
"North America",1836,1291,1291,0,0,0,0,.
"North America",1837,1449,1449,0,0,0,0,.
"North America",1838,1374,1374,0,0,0,0,.
"North America",1839,1507,1507,0,0,0,0,.
"North America",1840,1604,1604,0,0,0,0,.
"North America",1841,1697,1697,0,0,0,0,.
"North America",1842,1889,1889,0,0,0,0,.
"North America",1843,2120,2120,0,0,0,0,.
"North America",1844,2540,2540,0,0,0,0,.
"North America",1845,3059,3059,0,0,0,0,.
"North America",1846,3477,3477,0,0,0,0,.
"North America",1847,4122,4122,0,0,0,0,.
"North America",1848,4591,4591,0,0,0,0,.
"North America",1849,4986,4986,0,0,0,0,.
"North America",1850,5418,5418,0,0,0,0,.
"North America",1851,6742,6742,0,0,0,0,.
"North America",1852,7335,7335,0,0,0,0,.
"North America",1853,8261,8261,0,0,0,0,.
"North America",1854,9084,9084,0,0,0,0,.
"North America",1855,10455,10455,0,0,0,0,.
"North America",1856,10976,10976,0,0,0,0,.
"North America",1857,11265,11265,0,0,0,0,.
"North America",1858,11439,11439,0,0,0,0,.
"North America",1859,12455,12455,0,0,0,0,.
"North America",1860,13051,12996,55,0,0,0,.
"North America",1861,12592,12357,235,0,0,0,.
"North America",1862,13103,12761,342,0,0,0,.
"North America",1863,15151,14850,301,0,0,0,.
"North America",1864,16239,15993,246,0,0,0,.
"North America",1865,16332,16041,291,0,0,0,.
"North America",1866,16505,16085,420,0,0,0,.
"North America",1867,20322,19927,394,0,0,0,.
"North America",1868,22733,22304,430,0,0,0,.
"North America",1869,25759,25264,495,0,0,0,.
"North America",1870,27250,26663,586,0,0,0,.
"North America",1871,28603,28022,581,0,0,0,.
"North America",1872,34976,34283,693,0,0,0,.
"North America",1873,38515,37422,1092,0,0,0,.
"North America",1874,37095,35897,1198,0,0,0,.
"North America",1875,37561,36601,960,0,0,0,.
"North America",1876,36757,35771,986,0,0,0,.
"North America",1877,40720,39273,1448,0,0,0,.
"North America",1878,39803,38115,1688,0,0,0,.
"North America",1879,48486,46276,2210,0,0,0,.
"North America",1880,55654,52780,2874,0,0,0,.
"North America",1881,58892,55883,3010,0,0,0,.
"North America",1882,66050,62708,3297,45,0,0,.
"North America",1883,71319,68733,2482,104,0,0,.
"North America",1884,75379,72544,2515,320,0,0,.
"North America",1885,76530,73269,2247,1014,0,0,.
"North America",1886,80857,75771,2990,2095,0,0,.
"North America",1887,86662,80448,2997,3217,0,0,.
"North America",1888,105673,98145,2950,4578,0,0,.
"North America",1889,94659,87550,3772,3337,0,0,.
"North America",1890,113036,104904,4942,3190,0,0,.
"North America",1891,120460,112135,5883,2442,0,0,.
"North America",1892,126730,119164,5444,2122,0,0,.
"North America",1893,127987,120806,5193,1989,0,0,.
"North America",1894,119877,112777,5272,1828,0,0,.
"North America",1895,134683,127076,5685,1922,0,0,.
"North America",1896,135243,126787,6587,1869,0,0,.
"North America",1897,140580,132089,6502,1989,0,0,.
"North America",1898,153120,144856,5955,2309,0,0,.
"North America",1899,175956,166835,6144,2976,0,0,.
"North America",1900,186508,176526,6832,3150,0,0,.
"North America",1901,203431,192432,7489,3510,0,0,.
"North America",1902,215650,202335,9578,3737,0,0,.
"North America",1903,251737,236839,10935,3964,0,0,.
"North America",1904,249269,232285,12846,4138,0,0,.
"North America",1905,278353,258826,14842,4685,0,0,.
"North America",1906,292229,273212,13828,5190,0,0,.
"North America",1907,340828,317037,18369,5422,0,0,.
"North America",1908,299777,274722,19688,5367,0,0,.
"North America",1909,329896,303445,20035,6416,0,0,.
"North America",1910,360494,330583,23116,6796,0,0,.
"North America",1911,359349,328005,24328,7016,0,0,.
"North America",1912,384411,351893,24792,7725,0,0,.
"North America",1913,414682,376846,29773,8063,0,0,.
"North America",1914,377751,337600,31937,8213,0,0,.
"North America",1915,389297,346965,33652,8681,0,0,.
"North America",1916,434693,386865,37407,10421,0,0,.
"North America",1917,478633,426168,41456,11008,0,0,.
"North America",1918,500846,446231,44701,9914,0,0,.
"North America",1919,423866,363372,50248,10246,0,0,.
"North America",1920,496798,421814,63902,11082,0,0,.
"North America",1921,410059,332467,68392,9200,0,0,.
"North America",1922,410080,321054,78457,10570,0,0,.
"North America",1923,542301,435836,92553,13912,0,0,.
"North America",1924,483890,377846,90320,15725,0,0,.
"North America",1925,495672,384703,94574,16395,0,0,.
"North America",1926,538562,424405,96047,18110,0,0,.
"North America",1927,528614,398332,110339,19943,0,0,.
"North America",1928,524446,385307,113131,21629,4380,0,.
"North America",1929,562058,406247,125072,26465,4274,0,.
"North America",1930,501247,359626,110746,26839,4035,0,.
"North America",1931,425474,295495,103462,23358,3158,0,.
"North America",1932,362066,243442,95120,21614,1891,0,.
"North America",1933,386645,258271,105190,21650,1535,0,.
"North America",1934,413292,280861,105963,24574,1894,0,.
"North America",1935,428237,285232,114486,26641,1879,0,.
"North America",1936,490410,330960,126583,30104,2762,0,.
"North America",1937,513933,332739,144846,33477,2871,0,.
"North America",1938,436400,265628,136209,31957,2605,0,.
"North America",1939,481133,299995,143738,34385,3016,0,.
"North America",1940,540426,342139,157956,37089,3242,0,.
"North America",1941,589348,378950,167089,39256,4052,0,.
"North America",1942,634547,426876,160522,42652,4496,0,.
"North America",1943,656455,431592,173999,47570,3295,0,.
"North America",1944,704364,451872,198627,51572,2293,0,.
"North America",1945,678457,415345,205860,54651,2602,0,.
"North America",1946,652692,383322,209134,56124,4113,0,.
"North America",1947,716244,425128,224544,61920,4653,0,.
"North America",1948,746606,423388,248516,69552,5150,0,.
"North America",1949,629100,317791,232809,73218,5282,0,.
"North America",1950,734194,369555,259074,88093,5702,11769,4.22
"North America",1951,757385,357118,278669,103792,6153,11654,4.29
"North America",1952,738128,317692,290610,111098,6260,12468,4.12
"North America",1953,755014,313563,305657,116854,6689,12252,4.14
"North America",1954,722170,271160,310696,122801,6882,10631,3.89
"North America",1955,789086,299791,336698,132813,7847,11938,4.17
"North America",1956,830437,313002,355074,140401,8355,13605,4.31
"North America",1957,821902,297217,353107,150521,8024,13032,4.19
"North America",1958,797790,258081,361521,159423,8329,10435,3.99
"North America",1959,820998,263243,372848,166625,9026,9255,4.04
"North America",1960,840903,264084,381378,177828,8464,9149,4.07
"North America",1961,838474,254649,386457,179962,8620,8785,3.99
"North America",1962,871118,264151,398754,191687,9012,7514,4.09
"North America",1963,908192,282098,407622,202189,9410,6873,4.2
"North America",1964,952767,300517,419662,216493,9915,6180,4.35
"North America",1965,993476,312444,441168,223974,10050,5840,4.48
"North America",1966,1042050,323499,460013,241437,10420,6681,4.64
"North America",1967,1084702,333069,480536,252823,9931,8343,4.78
"North America",1968,1127595,327560,509996,270711,10564,8765,4.91
"North America",1969,1181388,332184,535796,293771,10688,8949,5.1
"North America",1970,1273627,334854,613934,306179,10186,8475,5.44
"North America",1971,1284259,317490,632542,317794,11028,5406,5.43
"North America",1972,1348811,323962,682995,325370,11663,4820,5.65
"North America",1973,1404913,344586,719885,323513,12178,4751,5.83
"North America",1974,1360365,339735,695642,309958,11637,3394,5.6
"North America",1975,1309919,330927,675961,290405,9957,2669,5.34
"North America",1976,1366899,363953,691366,298413,10500,2667,5.52
"North America",1977,1404539,369647,730465,290623,11188,2617,5.61
"North America",1978,1447166,392141,744101,296066,11949,2908,5.73
"North America",1979,1457285,406873,727241,307747,12199,3225,5.71
"North America",1980,1408902,420634,670852,303842,10892,2681,5.47
"North America",1981,1354187,429073,617752,294745,10378,2239,5.2
"North America",1982,1287582,416407,583451,276497,9084,2143,4.9
"North America",1983,1295491,439511,578718,265164,9873,2226,4.88
"North America",1984,1336457,460973,586885,274964,10881,2754,4.99
"North America",1985,1340233,471191,586282,268886,11115,2759,4.95
"North America",1986,1336383,458773,609061,254522,11302,2725,4.89
"North America",1987,1396161,485764,627192,268588,11521,3096,5.06
"North America",1988,1458571,509092,652505,282179,11292,3503,5.23
"North America",1989,1477600,519557,649396,293898,11404,3345,5.24
"North America",1990,1434029,511507,599839,307980,11301,3402,5.03
"North America",1991,1431041,508298,587323,321037,10589,3795,4.97
"North America",1992,1459098,515300,601037,328527,10415,3818,5.02
"North America",1993,1492844,524662,613464,339027,11123,4567,5.09
"North America",1994,1513827,528694,621255,347057,12231,4591,5.11
"North America",1995,1527286,528658,622245,358854,12072,5457,5.1
"North America",1996,1563003,548335,638607,358267,12567,5228,5.16
"North America",1997,1599130,564490,655532,360954,13093,5060,5.22
"North America",1998,1611002,569482,670998,354054,13280,3188,5.19
"North America",1999,1641685,572814,680438,371894,13656,2882,5.23
"North America",2000,1698409,598078,695177,388662,13888,2604,5.35
"North America",2001,1669955,588860,697982,366545,14041,2526,5.21
"North America",2002,1680023,593622,689514,380064,14191,2632,5.19
"North America",2003,1698610,592248,714842,374311,14654,2556,5.19
"North America",2004,1720282,604097,730948,367443,15351,2443,5.21
"North America",2005,1730882,609590,735395,367505,15651,2740,5.19
"North America",2006,1701965,601630,718186,363656,15511,2983,5.06
"North America",2007,1729857,608971,714025,388546,15223,3092,5.08
"North America",2008,1683976,597193,681986,387614,13774,3409,4.89
"North America",2009,1581748,527212,657236,383722,10313,3265,4.58
"North America",2010,1617181,545833,660445,396829,10830,3243,4.65
"North America",2011,1588982,520687,645612,407765,10967,3951,4.53
"North America",2012,1537195,464707,632234,424271,11886,4096,4.35
"North America",2013,1547946,469419,628110,433500,12107,4811,4.34
"North America",2014,1579349,470714,644248,446154,12930,5303,4.4
"Oceania",1860,76,76,0,0,0,0,.
"Oceania",1861,139,139,0,0,0,0,.
"Oceania",1862,97,97,0,0,0,0,.
"Oceania",1863,109,109,0,0,0,0,.
"Oceania",1864,73,73,0,0,0,0,.
"Oceania",1865,115,115,0,0,0,0,.
"Oceania",1866,190,190,0,0,0,0,.
"Oceania",1867,244,244,0,0,0,0,.
"Oceania",1868,203,203,0,0,0,0,.
"Oceania",1869,180,180,0,0,0,0,.
"Oceania",1870,169,168,0,0,0,0,.
"Oceania",1871,196,196,1,0,0,0,.
"Oceania",1872,202,201,1,0,0,0,.
"Oceania",1873,248,245,3,0,0,0,.
"Oceania",1874,403,400,3,0,0,0,.
"Oceania",1875,619,611,8,0,0,0,.
"Oceania",1876,637,628,8,0,0,0,.
"Oceania",1877,642,635,8,0,0,0,.
"Oceania",1878,868,837,30,0,0,0,.
"Oceania",1879,1167,1121,46,0,0,0,.
"Oceania",1880,1422,1381,41,0,0,0,.
"Oceania",1881,1342,1319,23,0,0,0,.
"Oceania",1882,1461,1407,55,0,0,0,.
"Oceania",1883,1655,1591,63,0,0,0,.
"Oceania",1884,1798,1749,49,0,0,0,.
"Oceania",1885,2015,1965,50,0,0,0,.
"Oceania",1886,2094,2026,68,0,0,0,.
"Oceania",1887,2387,2331,57,0,0,0,.
"Oceania",1888,2746,2668,79,0,0,0,.
"Oceania",1889,3000,2900,101,0,0,0,.
"Oceania",1890,3201,3085,116,0,0,0,.
"Oceania",1891,3719,3611,108,0,0,0,.
"Oceania",1892,3747,3654,93,0,0,0,.
"Oceania",1893,3843,3705,138,0,0,0,.
"Oceania",1894,4637,4477,160,0,0,0,.
"Oceania",1895,5032,4902,130,0,0,0,.
"Oceania",1896,5237,5071,165,0,0,0,.
"Oceania",1897,5566,5383,183,0,0,0,.
"Oceania",1898,6792,6585,208,0,0,0,.
"Oceania",1899,6887,6663,224,0,0,0,.
"Oceania",1900,8740,8439,301,0,0,0,.
"Oceania",1901,10221,9861,360,0,0,0,.
"Oceania",1902,10748,10396,352,0,0,0,.
"Oceania",1903,10964,10661,303,0,0,0,.
"Oceania",1904,12017,11609,408,0,0,0,.
"Oceania",1905,12423,12077,346,0,0,0,.
"Oceania",1906,13940,13551,389,0,0,0,.
"Oceania",1907,14911,14451,460,0,0,0,.
"Oceania",1908,15977,15512,465,0,0,0,.
"Oceania",1909,15576,15147,430,0,0,0,.
"Oceania",1910,16846,16630,215,0,0,0,.
"Oceania",1911,18575,18340,234,0,0,0,.
"Oceania",1912,20450,20254,196,0,0,0,.
"Oceania",1913,22085,21856,229,0,0,0,.
"Oceania",1914,23901,23591,311,0,0,0,.
"Oceania",1915,21716,21371,345,0,0,0,.
"Oceania",1916,22629,22272,349,8,0,0,.
"Oceania",1917,25344,24994,337,12,0,0,.
"Oceania",1918,27027,26726,288,13,0,0,.
"Oceania",1919,28674,28396,264,14,0,0,.
"Oceania",1920,28267,27986,262,19,0,0,.
"Oceania",1921,25507,25242,250,16,0,0,.
"Oceania",1922,27110,26856,239,16,0,0,.
"Oceania",1923,28546,28323,210,13,0,0,.
"Oceania",1924,30133,29913,211,10,0,0,.
"Oceania",1925,31205,30971,223,11,0,0,.
"Oceania",1926,31313,31094,208,11,0,0,.
"Oceania",1927,33535,33314,208,14,0,0,.
"Oceania",1928,33682,32796,219,13,654,0,.
"Oceania",1929,33692,32738,233,14,706,0,.
"Oceania",1930,30862,29973,236,21,632,0,.
"Oceania",1931,27758,26924,229,38,566,0,.
"Oceania",1932,27806,27029,190,25,562,0,.
"Oceania",1933,31793,30881,170,23,719,0,.
"Oceania",1934,34908,33980,213,23,691,0,.
"Oceania",1935,37060,35884,264,20,892,0,.
"Oceania",1936,40421,39147,296,20,958,0,.
"Oceania",1937,43312,42045,296,26,944,0,.
"Oceania",1938,44771,43621,296,25,830,0,.
"Oceania",1939,44862,43751,270,27,815,0,.
"Oceania",1940,51054,50073,250,28,703,0,.
"Oceania",1941,52996,51837,216,27,916,0,.
"Oceania",1942,51695,50773,198,27,698,0,.
"Oceania",1943,52133,51310,204,22,597,0,.
"Oceania",1944,48696,47989,192,22,494,0,.
"Oceania",1945,31375,30882,185,20,288,0,.
"Oceania",1946,25564,25128,161,18,257,0,.
"Oceania",1947,30979,30488,152,19,320,0,.
"Oceania",1948,36031,35446,133,25,426,0,.
"Oceania",1949,38673,37854,163,28,627,0,.
"Oceania",1950,45382,39805,4724,37,816,0,0.48
"Oceania",1951,52177,44387,6665,44,1081,0,0.54
"Oceania",1952,54779,45688,7853,49,1189,0,0.56
"Oceania",1953,58572,47289,9777,59,1447,0,0.59
"Oceania",1954,60162,46481,11850,75,1756,0,0.59
"Oceania",1955,60929,45413,13659,94,1764,0,0.59
"Oceania",1956,66911,48980,15681,128,2123,0,0.65
"Oceania",1957,74961,53038,19296,174,2453,0,0.72
"Oceania",1958,73810,50680,20430,253,2448,0,0.7
"Oceania",1959,78617,51629,23888,320,2780,0,0.73
"Oceania",1960,91132,56050,31116,437,3529,0,0.84
"Oceania",1961,105600,62211,39002,558,3828,0,0.97
"Oceania",1962,109337,60516,43694,727,4400,0,0.99
"Oceania",1963,120058,61559,52899,1004,4595,0,1.07
"Oceania",1964,131973,63992,61798,1094,5089,0,1.17
"Oceania",1965,142984,66448,70452,987,5097,0,1.25
"Oceania",1966,151959,67860,77241,1012,5846,0,1.31
"Oceania",1967,173485,71782,94133,1069,6501,0,1.47
"Oceania",1968,194887,77101,109466,1157,7163,0,1.63
"Oceania",1969,222060,83202,129712,1420,7726,0,1.83
"Oceania",1970,255466,84497,159504,2902,8547,16,2.08
"Oceania",1971,265389,78087,175007,3399,8878,18,2.12
"Oceania",1972,283715,77220,192717,3889,9856,32,2.24
"Oceania",1973,302779,81796,204651,4796,11501,35,2.35
"Oceania",1974,303488,87426,199082,6126,10822,32,2.33
"Oceania",1975,291738,83496,191306,7132,9756,48,2.21
"Oceania",1976,302065,82655,200532,8632,10185,60,2.26
"Oceania",1977,313266,83574,208348,10498,10771,74,2.32
"Oceania",1978,307824,77337,204165,13918,12351,52,2.26
"Oceania",1979,322450,82509,211211,15879,12777,74,2.35
"Oceania",1980,324909,94614,198955,18402,12812,126,2.34
"Oceania",1981,322349,101733,188671,19409,12495,42,2.3
"Oceania",1982,315712,101076,181922,20781,11880,53,2.24
"Oceania",1983,308673,97354,177438,21924,11785,172,2.17
"Oceania",1984,327516,107179,180960,27658,11601,118,2.28
"Oceania",1985,322864,112446,168321,31113,10861,123,2.23
"Oceania",1986,322771,108057,171897,32091,10639,87,2.22
"Oceania",1987,324944,109813,171757,32640,10664,70,2.22
"Oceania",1988,349399,118566,185198,33999,11541,95,2.37
"Oceania",1989,363901,121089,194754,36017,11896,146,2.46
"Oceania",1990,378844,119979,206852,39286,12562,166,2.54
"Oceania",1991,379251,122502,203092,40355,13113,188,2.53
"Oceania",1992,387968,122014,211465,41502,12840,147,2.57
"Oceania",1993,387228,123483,208210,42547,12854,135,2.55
"Oceania",1994,404816,128047,218341,44823,13492,112,2.65
"Oceania",1995,408721,131831,217302,46132,13343,113,2.67
"Oceania",1996,420552,137759,220322,48413,13858,200,2.73
"Oceania",1997,421137,142780,214472,50152,13541,192,2.72
"Oceania",1998,412242,140308,208525,51090,12134,186,2.65
"Oceania",1999,425786,148346,210990,54152,12062,236,2.73
"Oceania",2000,433694,153654,211351,56282,12222,185,2.77
"Oceania",2001,428319,157120,201835,57605,11604,155,2.72
"Oceania",2002,437206,162090,205810,58200,10961,144,2.77
"Oceania",2003,442354,163913,207877,59843,10617,103,2.79
"Oceania",2004,450928,176816,204413,59165,10434,101,2.83
"Oceania",2005,445560,171752,204863,58032,10808,104,2.79
"Oceania",2006,447385,174549,196829,64975,10923,109,2.79
"Oceania",2007,455481,179017,194882,70783,10643,156,2.81
"Oceania",2008,447477,177234,187657,72366,10021,199,2.75
"Oceania",2009,420528,165755,174644,71028,8901,200,2.58
"Oceania",2010,437947,177680,177766,73910,8358,233,2.68
"Oceania",2011,443582,168034,183528,83413,8379,229,2.7
"Oceania",2012,453868,171375,187372,86104,8819,199,2.76
"Oceania",2013,454313,174982,182021,87866,9251,193,2.75
"Oceania",2014,442856,168951,174438,89954,9317,196,2.68
"Western Europe",1751,2552,2552,0,0,0,0,.
"Western Europe",1752,2553,2553,0,0,0,0,.
"Western Europe",1753,2553,2553,0,0,0,0,.
"Western Europe",1754,2554,2554,0,0,0,0,.
"Western Europe",1755,2555,2555,0,0,0,0,.
"Western Europe",1756,2731,2731,0,0,0,0,.
"Western Europe",1757,2732,2732,0,0,0,0,.
"Western Europe",1758,2733,2733,0,0,0,0,.
"Western Europe",1759,2734,2734,0,0,0,0,.
"Western Europe",1760,2734,2734,0,0,0,0,.
"Western Europe",1761,2995,2995,0,0,0,0,.
"Western Europe",1762,2996,2996,0,0,0,0,.
"Western Europe",1763,2997,2997,0,0,0,0,.
"Western Europe",1764,2998,2998,0,0,0,0,.
"Western Europe",1765,2999,2999,0,0,0,0,.
"Western Europe",1766,3346,3346,0,0,0,0,.
"Western Europe",1767,3347,3347,0,0,0,0,.
"Western Europe",1768,3348,3348,0,0,0,0,.
"Western Europe",1769,3349,3349,0,0,0,0,.
"Western Europe",1770,3350,3350,0,0,0,0,.
"Western Europe",1771,3715,3715,0,0,0,0,.
"Western Europe",1772,3716,3716,0,0,0,0,.
"Western Europe",1773,3717,3717,0,0,0,0,.
"Western Europe",1774,3718,3718,0,0,0,0,.
"Western Europe",1775,3719,3719,0,0,0,0,.
"Western Europe",1776,4104,4104,0,0,0,0,.
"Western Europe",1777,4105,4105,0,0,0,0,.
"Western Europe",1778,4106,4106,0,0,0,0,.
"Western Europe",1779,4107,4107,0,0,0,0,.
"Western Europe",1780,4109,4109,0,0,0,0,.
"Western Europe",1781,4597,4597,0,0,0,0,.
"Western Europe",1782,4598,4598,0,0,0,0,.
"Western Europe",1783,4600,4600,0,0,0,0,.
"Western Europe",1784,4601,4601,0,0,0,0,.
"Western Europe",1785,4603,4603,0,0,0,0,.
"Western Europe",1786,5226,5226,0,0,0,0,.
"Western Europe",1787,5228,5228,0,0,0,0,.
"Western Europe",1788,5229,5229,0,0,0,0,.
"Western Europe",1789,5231,5231,0,0,0,0,.
"Western Europe",1790,5233,5233,0,0,0,0,.
"Western Europe",1791,5845,5845,0,0,0,0,.
"Western Europe",1792,5847,5847,0,0,0,0,.
"Western Europe",1793,5849,5849,0,0,0,0,.
"Western Europe",1794,5850,5850,0,0,0,0,.
"Western Europe",1795,5852,5852,0,0,0,0,.
"Western Europe",1796,6117,6117,0,0,0,0,.
"Western Europe",1797,6425,6425,0,0,0,0,.
"Western Europe",1798,6691,6691,0,0,0,0,.
"Western Europe",1799,7041,7041,0,0,0,0,.
"Western Europe",1800,7269,7269,0,0,0,0,.
"Western Europe",1801,7290,7290,0,0,0,0,.
"Western Europe",1802,9685,9685,0,0,0,0,.
"Western Europe",1803,8240,8240,0,0,0,0,.
"Western Europe",1804,8872,8872,0,0,0,0,.
"Western Europe",1805,8587,8587,0,0,0,0,.
"Western Europe",1806,9075,9075,0,0,0,0,.
"Western Europe",1807,9124,9124,0,0,0,0,.
"Western Europe",1808,9080,9080,0,0,0,0,.
"Western Europe",1809,9083,9083,0,0,0,0,.
"Western Europe",1810,9665,9665,0,0,0,0,.
"Western Europe",1811,10265,10265,0,0,0,0,.
"Western Europe",1812,10686,10686,0,0,0,0,.
"Western Europe",1813,10760,10760,0,0,0,0,.
"Western Europe",1814,10965,10965,0,0,0,0,.
"Western Europe",1815,11262,11262,0,0,0,0,.
"Western Europe",1816,11991,11991,0,0,0,0,.
"Western Europe",1817,12168,12168,0,0,0,0,.
"Western Europe",1818,12119,12119,0,0,0,0,.
"Western Europe",1819,12322,12322,0,0,0,0,.
"Western Europe",1820,12489,12489,0,0,0,0,.
"Western Europe",1821,12620,12620,0,0,0,0,.
"Western Europe",1822,13116,13116,0,0,0,0,.
"Western Europe",1823,13753,13753,0,0,0,0,.
"Western Europe",1824,14465,14465,0,0,0,0,.
"Western Europe",1825,14725,14725,0,0,0,0,.
"Western Europe",1826,14927,14927,0,0,0,0,.
"Western Europe",1827,15998,15998,0,0,0,0,.
"Western Europe",1828,16181,16181,0,0,0,0,.
"Western Europe",1829,16348,16348,0,0,0,0,.
"Western Europe",1830,22140,22140,0,0,0,0,.
"Western Europe",1831,20952,20952,0,0,0,0,.
"Western Europe",1832,21152,21152,0,0,0,0,.
"Western Europe",1833,21218,21218,0,0,0,0,.
"Western Europe",1834,21695,21695,0,0,0,0,.
"Western Europe",1835,21817,21817,0,0,0,0,.
"Western Europe",1836,25489,25489,0,0,0,0,.
"Western Europe",1837,25080,25080,0,0,0,0,.
"Western Europe",1838,25853,25853,0,0,0,0,.
"Western Europe",1839,26542,26542,0,0,0,0,.
"Western Europe",1840,27778,27778,0,0,0,0,.
"Western Europe",1841,28539,28539,0,0,0,0,.
"Western Europe",1842,29839,29839,0,0,0,0,.
"Western Europe",1843,30692,30692,0,0,0,0,.
"Western Europe",1844,32385,32385,0,0,0,0,.
"Western Europe",1845,35074,35074,0,0,0,0,.
"Western Europe",1846,35169,35169,0,0,0,0,.
"Western Europe",1847,38283,38283,0,0,0,0,.
"Western Europe",1848,38515,38515,0,0,0,0,.
"Western Europe",1849,40561,40561,0,0,0,0,.
"Western Europe",1850,43282,43282,0,0,0,0,.
"Western Europe",1851,41894,41894,0,0,0,0,.
"Western Europe",1852,42858,42858,0,0,0,0,.
"Western Europe",1853,44084,44084,0,0,0,0,.
"Western Europe",1854,52477,52477,0,0,0,0,.
"Western Europe",1855,50987,50977,10,0,0,0,.
"Western Europe",1856,54410,54399,11,0,0,0,.
"Western Europe",1857,54154,54139,14,0,0,0,.
"Western Europe",1858,53951,53936,15,0,0,0,.
"Western Europe",1859,58088,58075,13,0,0,0,.
"Western Europe",1860,64457,64444,13,0,0,0,.
"Western Europe",1861,67926,67912,14,0,0,0,.
"Western Europe",1862,67511,67481,30,0,0,0,.
"Western Europe",1863,70349,70307,42,0,0,0,.
"Western Europe",1864,74787,74747,41,0,0,0,.
"Western Europe",1865,79138,79097,41,0,0,0,.
"Western Europe",1866,82076,82014,61,0,0,0,.
"Western Europe",1867,84702,84636,66,0,0,0,.
"Western Europe",1868,83900,83811,89,0,0,0,.
"Western Europe",1869,87680,87585,95,0,0,0,.
"Western Europe",1870,89019,88883,136,0,0,0,.
"Western Europe",1871,93117,92955,161,0,0,0,.
"Western Europe",1872,100610,100452,158,0,0,0,.
"Western Europe",1873,105400,105183,218,0,0,0,.
"Western Europe",1874,101435,101210,225,0,0,0,.
"Western Europe",1875,106650,106399,251,0,0,0,.
"Western Europe",1876,107064,106765,299,0,0,0,.
"Western Europe",1877,107417,107072,345,0,0,0,.
"Western Europe",1878,106919,106580,338,0,0,0,.
"Western Europe",1879,109035,108634,401,0,0,0,.
"Western Europe",1880,123838,123408,430,0,0,0,.
"Western Europe",1881,125296,124730,566,0,0,0,.
"Western Europe",1882,128195,127636,559,0,0,0,.
"Western Europe",1883,134306,133702,604,0,0,0,.
"Western Europe",1884,131120,130511,608,0,0,0,.
"Western Europe",1885,129709,128959,750,0,0,0,.
"Western Europe",1886,128380,127654,726,0,0,0,.
"Western Europe",1887,133097,132353,744,0,0,0,.
"Western Europe",1888,138865,138042,823,0,0,0,.
"Western Europe",1889,143743,142864,880,0,0,0,.
"Western Europe",1890,149639,148750,889,0,0,0,.
"Western Europe",1891,152398,151371,1028,0,0,0,.
"Western Europe",1892,150262,149184,1077,0,0,0,.
"Western Europe",1893,139810,138634,1176,0,0,0,.
"Western Europe",1894,156624,155434,1190,0,0,0,.
"Western Europe",1895,158320,157068,1253,0,0,0,.
"Western Europe",1896,163672,162420,1253,0,0,0,.
"Western Europe",1897,169461,168176,1285,0,0,0,.
"Western Europe",1898,171928,170513,1415,0,0,0,.
"Western Europe",1899,183287,181807,1479,0,0,0,.
"Western Europe",1900,189561,188093,1468,0,0,0,.
"Western Europe",1901,184901,183435,1465,0,0,0,.
"Western Europe",1902,187922,186372,1549,1,0,0,.
"Western Europe",1903,193793,192272,1520,1,0,0,.
"Western Europe",1904,194226,192733,1491,1,0,0,.
"Western Europe",1905,197176,195741,1434,1,0,0,.
"Western Europe",1906,209583,208165,1415,3,0,0,.
"Western Europe",1907,221670,220220,1447,3,0,0,.
"Western Europe",1908,224798,223301,1494,3,0,0,.
"Western Europe",1909,223174,221726,1444,4,0,0,.
"Western Europe",1910,229611,228152,1454,4,0,0,.
"Western Europe",1911,232899,231262,1633,4,0,0,.
"Western Europe",1912,230222,228607,1611,3,0,0,.
"Western Europe",1913,252378,250047,2317,14,0,0,.
"Western Europe",1914,220080,217384,2685,11,0,0,.
"Western Europe",1915,210665,208216,2436,13,0,0,.
"Western Europe",1916,212934,211004,1890,40,0,0,.
"Western Europe",1917,198970,195730,3212,29,0,0,.
"Western Europe",1918,188594,183794,4767,33,0,0,.
"Western Europe",1919,193294,189955,3319,20,0,0,.
"Western Europe",1920,213705,212666,1008,31,0,0,.
"Western Europe",1921,168077,166725,1321,31,0,0,.
"Western Europe",1922,211924,209744,2163,18,0,0,.
"Western Europe",1923,231666,228642,3021,3,0,0,.
"Western Europe",1924,251498,247436,4059,3,0,0,.
"Western Europe",1925,246522,239273,7246,3,0,0,.
"Western Europe",1926,192075,186525,5531,19,0,0,.
"Western Europe",1927,262574,257839,4689,47,0,0,.
"Western Europe",1928,253287,245820,4699,3,2765,0,.
"Western Europe",1929,275656,267692,4858,4,3102,0,.
"Western Europe",1930,266200,257481,5603,86,3030,0,.
"Western Europe",1931,249329,240685,5557,94,2993,0,.
"Western Europe",1932,228163,219262,6120,105,2676,0,.
"Western Europe",1933,230404,219967,7748,101,2588,0,.
"Western Europe",1934,244405,232233,9195,104,2873,0,.
"Western Europe",1935,245943,232391,10418,105,3028,0,.
"Western Europe",1936,249017,235034,10785,100,3098,0,.
"Western Europe",1937,269666,254480,11895,79,3212,0,.
"Western Europe",1938,253845,237867,12937,83,2958,0,.
"Western Europe",1939,253835,241177,10582,99,1977,0,.
"Western Europe",1940,235502,227378,6567,121,1436,0,.
"Western Europe",1941,224847,219804,2233,82,2728,0,.
"Western Europe",1942,222070,217344,2161,110,2455,0,.
"Western Europe",1943,211836,207176,1971,141,2549,0,.
"Western Europe",1944,183379,179298,2123,158,1800,0,.
"Western Europe",1945,178978,174693,2388,183,1715,0,.
"Western Europe",1946,225346,214521,7832,211,2782,0,.
"Western Europe",1947,261506,240189,17523,322,3472,0,.
"Western Europe",1948,274564,246190,23695,467,4213,0,.
"Western Europe",1949,286366,253352,27865,509,4639,0,.
"Western Europe",1950,285826,241808,38179,660,5179,0,1.13
"Western Europe",1951,315423,262066,46695,940,5722,0,1.24
"Western Europe",1952,310630,253641,49631,1196,6162,0,1.22
"Western Europe",1953,310986,249212,53436,1678,6660,0,1.21
"Western Europe",1954,325907,255131,61509,2125,7142,0,1.26
"Western Europe",1955,347102,264619,71983,2604,7896,0,1.33
"Western Europe",1956,363468,271318,80769,3095,8287,0,1.38
"Western Europe",1957,367196,268752,86449,3450,8545,0,1.39
"Western Europe",1958,359915,251806,95752,3682,8675,0,1.35
"Western Europe",1959,360573,239542,106728,4760,9543,0,1.34
"Western Europe",1960,385293,248601,120622,5950,10120,0,1.42
"Western Europe",1961,397955,247919,132098,6879,11059,0,1.46
"Western Europe",1962,420169,249795,151088,7510,11776,0,1.52
"Western Europe",1963,448855,256527,172180,7763,12386,0,1.61
"Western Europe",1964,464840,246646,195733,8329,14132,0,1.66
"Western Europe",1965,481051,240438,217147,9160,14305,0,1.7
"Western Europe",1966,495490,228138,241671,10506,15175,0,1.74
"Western Europe",1967,504247,215850,259082,13062,16253,0,1.75
"Western Europe",1968,532968,214208,283628,17786,17279,67,1.84
"Western Europe",1969,563282,212737,309728,22092,18299,426,1.93
"Western Europe",1970,608938,205739,351899,31438,19030,832,2.08
"Western Europe",1971,624011,193020,367774,41238,19502,2478,2.11
"Western Europe",1972,645947,173992,395790,52636,20719,2810,2.17
"Western Europe",1973,683525,176488,422892,58980,22123,3043,2.28
"Western Europe",1974,664456,170467,402637,66248,21988,3115,2.21
"Western Europe",1975,638652,168497,375526,70396,21141,3092,2.11
"Western Europe",1976,679769,175504,403277,76171,21615,3202,2.23
"Western Europe",1977,668630,172699,392339,77663,22478,3451,2.18
"Western Europe",1978,689443,170236,410284,82013,23086,3824,2.24
"Western Europe",1979,725364,187101,422990,87374,23213,4686,2.35
"Western Europe",1980,695195,186699,394661,86967,23537,3330,2.24
"Western Europe",1981,663109,189222,359153,88762,23025,2948,2.13
"Western Europe",1982,636528,185489,341397,84571,22476,2595,2.04
"Western Europe",1983,625189,185143,327686,87687,22422,2251,1.99
"Western Europe",1984,622498,175522,330248,93627,21057,2044,1.98
"Western Europe",1985,639667,198456,319994,98850,20677,1690,2.03
"Western Europe",1986,637575,193485,325565,96456,20638,1430,2.01
"Western Europe",1987,643938,197116,327121,97318,20832,1551,2.03
"Western Europe",1988,642993,191947,330535,98133,21995,383,2.02
"Western Europe",1989,674003,198057,343859,108778,22812,497,2.11
"Western Europe",1990,658433,195807,328654,110573,22881,518,2.03
"Western Europe",1991,666620,189207,335983,119045,21927,458,2.05
"Western Europe",1992,656041,184065,330933,120043,20595,405,2.04
"Western Europe",1993,644772,168329,329095,126489,19178,1681,2
"Western Europe",1994,644879,167460,329004,126245,20054,2116,1.99
"Western Europe",1995,657581,164196,335550,135914,20237,1685,2.02
"Western Europe",1996,679290,161529,345003,150831,20129,1798,2.08
"Western Europe",1997,671103,154857,342175,151657,20842,1572,2.05
"Western Europe",1998,689929,155994,351097,159462,21690,1686,2.11
"Western Europe",1999,686179,145218,348363,168126,22468,2004,2.09
"Western Europe",2000,693233,151673,342007,174360,23502,1691,2.1
"Western Europe",2001,707796,151495,351951,178631,23863,1856,2.13
"Western Europe",2002,710537,153256,352874,178828,24011,1568,2.13
"Western Europe",2003,729079,159794,355777,187602,24460,1447,2.17
"Western Europe",2004,736836,159225,356430,194094,25475,1611,2.18
"Western Europe",2005,736295,154495,356524,198153,25624,1499,2.16
"Western Europe",2006,734721,158856,352163,194391,27888,1422,2.14
"Western Europe",2007,724449,156050,342970,194905,28924,1600,2.1
"Western Europe",2008,708718,143036,337459,202239,24474,1510,2.04
"Western Europe",2009,655268,122131,322272,190419,19291,1156,1.88
"Western Europe",2010,667268,125875,315334,206649,18250,1159,1.9
"Western Europe",2011,632301,130799,300858,182049,17635,960,1.8
"Western Europe",2012,619795,140965,286796,176101,15048,885,1.75
"Western Europe",2013,602876,132845,282017,172278,14788,948,1.7
"Western Europe",2014,563225,118701,277035,152034,14580,874,1.59
